datum,monat,wochentag,feiertag,arbeitstag
2015-01-01,Januar,Donnerstag,Neujahr,0
2015-01-02,Januar,Freitag,,1
2015-01-03,Januar,Samstag,,0
2015-01-04,Januar,Sonntag,,0
2015-01-05,Januar,Montag,,1
2015-01-06,Januar,Dienstag,Heilige Drei Koenige,0
2015-01-07,Januar,Mittwoch,,1
2015-01-08,Januar,Donnerstag,,1
2015-01-09,Januar,Freitag,,1
2015-01-10,Januar,Samstag,,0
2015-01-11,Januar,Sonntag,,0
2015-01-12,Januar,Montag,,1
2015-01-13,Januar,Dienstag,,1
2015-01-14,Januar,Mittwoch,,1
2015-01-15,Januar,Donnerstag,,1
2015-01-16,Januar,Freitag,,1
2015-01-17,Januar,Samstag,,0
2015-01-18,Januar,Sonntag,,0
2015-01-19,Januar,Montag,,1
2015-01-20,Januar,Dienstag,,1
2015-01-21,Januar,Mittwoch,,1
2015-01-22,Januar,Donnerstag,,1
2015-01-23,Januar,Freitag,,1
2015-01-24,Januar,Samstag,,0
2015-01-25,Januar,Sonntag,,0
2015-01-26,Januar,Montag,,1
2015-01-27,Januar,Dienstag,,1
2015-01-28,Januar,Mittwoch,,1
2015-01-29,Januar,Donnerstag,,1
2015-01-30,Januar,Freitag,,1
2015-01-31,Januar,Samstag,,0
2015-02-01,Februar,Sonntag,,0
2015-02-02,Februar,Montag,,1
2015-02-03,Februar,Dienstag,,1
2015-02-04,Februar,Mittwoch,,1
2015-02-05,Februar,Donnerstag,,1
2015-02-06,Februar,Freitag,,1
2015-02-07,Februar,Samstag,,0
2015-02-08,Februar,Sonntag,,0
2015-02-09,Februar,Montag,,1
2015-02-10,Februar,Dienstag,,1
2015-02-11,Februar,Mittwoch,,1
2015-02-12,Februar,Donnerstag,,1
2015-02-13,Februar,Freitag,,1
2015-02-14,Februar,Samstag,,0
2015-02-15,Februar,Sonntag,,0
2015-02-16,Februar,Montag,,1
2015-02-17,Februar,Dienstag,,1
2015-02-18,Februar,Mittwoch,,1
2015-02-19,Februar,Donnerstag,,1
2015-02-20,Februar,Freitag,,1
2015-02-21,Februar,Samstag,,0
2015-02-22,Februar,Sonntag,,0
2015-02-23,Februar,Montag,,1
2015-02-24,Februar,Dienstag,,1
2015-02-25,Februar,Mittwoch,,1
2015-02-26,Februar,Donnerstag,,1
2015-02-27,Februar,Freitag,,1
2015-02-28,Februar,Samstag,,0
2015-03-01,Maerz,Sonntag,,0
2015-03-02,Maerz,Montag,,1
2015-03-03,Maerz,Dienstag,,1
2015-03-04,Maerz,Mittwoch,,1
2015-03-05,Maerz,Donnerstag,,1
2015-03-06,Maerz,Freitag,,1
2015-03-07,Maerz,Samstag,,0
2015-03-08,Maerz,Sonntag,,0
2015-03-09,Maerz,Montag,,1
2015-03-10,Maerz,Dienstag,,1
2015-03-11,Maerz,Mittwoch,,1
2015-03-12,Maerz,Donnerstag,,1
2015-03-13,Maerz,Freitag,,1
2015-03-14,Maerz,Samstag,,0
2015-03-15,Maerz,Sonntag,,0
2015-03-16,Maerz,Montag,,1
2015-03-17,Maerz,Dienstag,,1
2015-03-18,Maerz,Mittwoch,,1
2015-03-19,Maerz,Donnerstag,,1
2015-03-20,Maerz,Freitag,,1
2015-03-21,Maerz,Samstag,,0
2015-03-22,Maerz,Sonntag,,0
2015-03-23,Maerz,Montag,,1
2015-03-24,Maerz,Dienstag,,1
2015-03-25,Maerz,Mittwoch,,1
2015-03-26,Maerz,Donnerstag,,1
2015-03-27,Maerz,Freitag,,1
2015-03-28,Maerz,Samstag,,0
2015-03-29,Maerz,Sonntag,,0
2015-03-30,Maerz,Montag,,1
2015-03-31,Maerz,Dienstag,,1
2015-04-01,April,Mittwoch,,1
2015-04-02,April,Donnerstag,,1
2015-04-03,April,Freitag,Karfreitag,0
2015-04-04,April,Samstag,,0
2015-04-05,April,Sonntag,,0
2015-04-06,April,Montag,Ostermontag,0
2015-04-07,April,Dienstag,,1
2015-04-08,April,Mittwoch,,1
2015-04-09,April,Donnerstag,,1
2015-04-10,April,Freitag,,1
2015-04-11,April,Samstag,,0
2015-04-12,April,Sonntag,,0
2015-04-13,April,Montag,,1
2015-04-14,April,Dienstag,,1
2015-04-15,April,Mittwoch,,1
2015-04-16,April,Donnerstag,,1
2015-04-17,April,Freitag,,1
2015-04-18,April,Samstag,,0
2015-04-19,April,Sonntag,,0
2015-04-20,April,Montag,,1
2015-04-21,April,Dienstag,,1
2015-04-22,April,Mittwoch,,1
2015-04-23,April,Donnerstag,,1
2015-04-24,April,Freitag,,1
2015-04-25,April,Samstag,,0
2015-04-26,April,Sonntag,,0
2015-04-27,April,Montag,,1
2015-04-28,April,Dienstag,,1
2015-04-29,April,Mittwoch,,1
2015-04-30,April,Donnerstag,,1
2015-05-01,Mai,Freitag,Erster Mai,0
2015-05-02,Mai,Samstag,,0
2015-05-03,Mai,Sonntag,,0
2015-05-04,Mai,Montag,,1
2015-05-05,Mai,Dienstag,,1
2015-05-06,Mai,Mittwoch,,1
2015-05-07,Mai,Donnerstag,,1
2015-05-08,Mai,Freitag,,1
2015-05-09,Mai,Samstag,,0
2015-05-10,Mai,Sonntag,,0
2015-05-11,Mai,Montag,,1
2015-05-12,Mai,Dienstag,,1
2015-05-13,Mai,Mittwoch,,1
2015-05-14,Mai,Donnerstag,Christi Himmelfahrt,0
2015-05-15,Mai,Freitag,,1
2015-05-16,Mai,Samstag,,0
2015-05-17,Mai,Sonntag,,0
2015-05-18,Mai,Montag,,1
2015-05-19,Mai,Dienstag,,1
2015-05-20,Mai,Mittwoch,,1
2015-05-21,Mai,Donnerstag,,1
2015-05-22,Mai,Freitag,,1
2015-05-23,Mai,Samstag,,0
2015-05-24,Mai,Sonntag,,0
2015-05-25,Mai,Montag,Pfingstmontag,0
2015-05-26,Mai,Dienstag,,1
2015-05-27,Mai,Mittwoch,,1
2015-05-28,Mai,Donnerstag,,1
2015-05-29,Mai,Freitag,,1
2015-05-30,Mai,Samstag,,0
2015-05-31,Mai,Sonntag,,0
2015-06-01,Juni,Montag,,1
2015-06-02,Juni,Dienstag,,1
2015-06-03,Juni,Mittwoch,,1
2015-06-04,Juni,Donnerstag,Fronleichnam,0
2015-06-05,Juni,Freitag,,1
2015-06-06,Juni,Samstag,,0
2015-06-07,Juni,Sonntag,,0
2015-06-08,Juni,Montag,,1
2015-06-09,Juni,Dienstag,,1
2015-06-10,Juni,Mittwoch,,1
2015-06-11,Juni,Donnerstag,,1
2015-06-12,Juni,Freitag,,1
2015-06-13,Juni,Samstag,,0
2015-06-14,Juni,Sonntag,,0
2015-06-15,Juni,Montag,,1
2015-06-16,Juni,Dienstag,,1
2015-06-17,Juni,Mittwoch,,1
2015-06-18,Juni,Donnerstag,,1
2015-06-19,Juni,Freitag,,1
2015-06-20,Juni,Samstag,,0
2015-06-21,Juni,Sonntag,,0
2015-06-22,Juni,Montag,,1
2015-06-23,Juni,Dienstag,,1
2015-06-24,Juni,Mittwoch,,1
2015-06-25,Juni,Donnerstag,,1
2015-06-26,Juni,Freitag,,1
2015-06-27,Juni,Samstag,,0
2015-06-28,Juni,Sonntag,,0
2015-06-29,Juni,Montag,,1
2015-06-30,Juni,Dienstag,,1
2015-07-01,Juli,Mittwoch,,1
2015-07-02,Juli,Donnerstag,,1
2015-07-03,Juli,Freitag,,1
2015-07-04,Juli,Samstag,,0
2015-07-05,Juli,Sonntag,,0
2015-07-06,Juli,Montag,,1
2015-07-07,Juli,Dienstag,,1
2015-07-08,Juli,Mittwoch,,1
2015-07-09,Juli,Donnerstag,,1
2015-07-10,Juli,Freitag,,1
2015-07-11,Juli,Samstag,,0
2015-07-12,Juli,Sonntag,,0
2015-07-13,Juli,Montag,,1
2015-07-14,Juli,Dienstag,,1
2015-07-15,Juli,Mittwoch,,1
2015-07-16,Juli,Donnerstag,,1
2015-07-17,Juli,Freitag,,1
2015-07-18,Juli,Samstag,,0
2015-07-19,Juli,Sonntag,,0
2015-07-20,Juli,Montag,,1
2015-07-21,Juli,Dienstag,,1
2015-07-22,Juli,Mittwoch,,1
2015-07-23,Juli,Donnerstag,,1
2015-07-24,Juli,Freitag,,1
2015-07-25,Juli,Samstag,,0
2015-07-26,Juli,Sonntag,,0
2015-07-27,Juli,Montag,,1
2015-07-28,Juli,Dienstag,,1
2015-07-29,Juli,Mittwoch,,1
2015-07-30,Juli,Donnerstag,,1
2015-07-31,Juli,Freitag,,1
2015-08-01,August,Samstag,,0
2015-08-02,August,Sonntag,,0
2015-08-03,August,Montag,,1
2015-08-04,August,Dienstag,,1
2015-08-05,August,Mittwoch,,1
2015-08-06,August,Donnerstag,,1
2015-08-07,August,Freitag,,1
2015-08-08,August,Samstag,,0
2015-08-09,August,Sonntag,,0
2015-08-10,August,Montag,,1
2015-08-11,August,Dienstag,,1
2015-08-12,August,Mittwoch,,1
2015-08-13,August,Donnerstag,,1
2015-08-14,August,Freitag,,1
2015-08-15,August,Samstag,,0
2015-08-16,August,Sonntag,,0
2015-08-17,August,Montag,,1
2015-08-18,August,Dienstag,,1
2015-08-19,August,Mittwoch,,1
2015-08-20,August,Donnerstag,,1
2015-08-21,August,Freitag,,1
2015-08-22,August,Samstag,,0
2015-08-23,August,Sonntag,,0
2015-08-24,August,Montag,,1
2015-08-25,August,Dienstag,,1
2015-08-26,August,Mittwoch,,1
2015-08-27,August,Donnerstag,,1
2015-08-28,August,Freitag,,1
2015-08-29,August,Samstag,,0
2015-08-30,August,Sonntag,,0
2015-08-31,August,Montag,,1
2015-09-01,September,Dienstag,,1
2015-09-02,September,Mittwoch,,1
2015-09-03,September,Donnerstag,,1
2015-09-04,September,Freitag,,1
2015-09-05,September,Samstag,,0
2015-09-06,September,Sonntag,,0
2015-09-07,September,Montag,,1
2015-09-08,September,Dienstag,,1
2015-09-09,September,Mittwoch,,1
2015-09-10,September,Donnerstag,,1
2015-09-11,September,Freitag,,1
2015-09-12,September,Samstag,,0
2015-09-13,September,Sonntag,,0
2015-09-14,September,Montag,,1
2015-09-15,September,Dienstag,,1
2015-09-16,September,Mittwoch,,1
2015-09-17,September,Donnerstag,,1
2015-09-18,September,Freitag,,1
2015-09-19,September,Samstag,,0
2015-09-20,September,Sonntag,,0
2015-09-21,September,Montag,,1
2015-09-22,September,Dienstag,,1
2015-09-23,September,Mittwoch,,1
2015-09-24,September,Donnerstag,,1
2015-09-25,September,Freitag,,1
2015-09-26,September,Samstag,,0
2015-09-27,September,Sonntag,,0
2015-09-28,September,Montag,,1
2015-09-29,September,Dienstag,,1
2015-09-30,September,Mittwoch,,1
2015-10-01,Oktober,Donnerstag,,1
2015-10-02,Oktober,Freitag,,1
2015-10-03,Oktober,Samstag,Tag der Deutschen Einheit,0
2015-10-04,Oktober,Sonntag,,0
2015-10-05,Oktober,Montag,,1
2015-10-06,Oktober,Dienstag,,1
2015-10-07,Oktober,Mittwoch,,1
2015-10-08,Oktober,Donnerstag,,1
2015-10-09,Oktober,Freitag,,1
2015-10-10,Oktober,Samstag,,0
2015-10-11,Oktober,Sonntag,,0
2015-10-12,Oktober,Montag,,1
2015-10-13,Oktober,Dienstag,,1
2015-10-14,Oktober,Mittwoch,,1
2015-10-15,Oktober,Donnerstag,,1
2015-10-16,Oktober,Freitag,,1
2015-10-17,Oktober,Samstag,,0
2015-10-18,Oktober,Sonntag,,0
2015-10-19,Oktober,Montag,,1
2015-10-20,Oktober,Dienstag,,1
2015-10-21,Oktober,Mittwoch,,1
2015-10-22,Oktober,Donnerstag,,1
2015-10-23,Oktober,Freitag,,1
2015-10-24,Oktober,Samstag,,0
2015-10-25,Oktober,Sonntag,,0
2015-10-26,Oktober,Montag,,1
2015-10-27,Oktober,Dienstag,,1
2015-10-28,Oktober,Mittwoch,,1
2015-10-29,Oktober,Donnerstag,,1
2015-10-30,Oktober,Freitag,,1
2015-10-31,Oktober,Samstag,,0
2015-11-01,November,Sonntag,Allerheiligen,0
2015-11-02,November,Montag,,1
2015-11-03,November,Dienstag,,1
2015-11-04,November,Mittwoch,,1
2015-11-05,November,Donnerstag,,1
2015-11-06,November,Freitag,,1
2015-11-07,November,Samstag,,0
2015-11-08,November,Sonntag,,0
2015-11-09,November,Montag,,1
2015-11-10,November,Dienstag,,1
2015-11-11,November,Mittwoch,,1
2015-11-12,November,Donnerstag,,1
2015-11-13,November,Freitag,,1
2015-11-14,November,Samstag,,0
2015-11-15,November,Sonntag,,0
2015-11-16,November,Montag,,1
2015-11-17,November,Dienstag,,1
2015-11-18,November,Mittwoch,,1
2015-11-19,November,Donnerstag,,1
2015-11-20,November,Freitag,,1
2015-11-21,November,Samstag,,0
2015-11-22,November,Sonntag,,0
2015-11-23,November,Montag,,1
2015-11-24,November,Dienstag,,1
2015-11-25,November,Mittwoch,,1
2015-11-26,November,Donnerstag,,1
2015-11-27,November,Freitag,,1
2015-11-28,November,Samstag,,0
2015-11-29,November,Sonntag,,0
2015-11-30,November,Montag,,1
2015-12-01,Dezember,Dienstag,,1
2015-12-02,Dezember,Mittwoch,,1
2015-12-03,Dezember,Donnerstag,,1
2015-12-04,Dezember,Freitag,,1
2015-12-05,Dezember,Samstag,,0
2015-12-06,Dezember,Sonntag,,0
2015-12-07,Dezember,Montag,,1
2015-12-08,Dezember,Dienstag,,1
2015-12-09,Dezember,Mittwoch,,1
2015-12-10,Dezember,Donnerstag,,1
2015-12-11,Dezember,Freitag,,1
2015-12-12,Dezember,Samstag,,0
2015-12-13,Dezember,Sonntag,,0
2015-12-14,Dezember,Montag,,1
2015-12-15,Dezember,Dienstag,,1
2015-12-16,Dezember,Mittwoch,,1
2015-12-17,Dezember,Donnerstag,,1
2015-12-18,Dezember,Freitag,,1
2015-12-19,Dezember,Samstag,,0
2015-12-20,Dezember,Sonntag,,0
2015-12-21,Dezember,Montag,,1
2015-12-22,Dezember,Dienstag,,1
2015-12-23,Dezember,Mittwoch,,1
2015-12-24,Dezember,Donnerstag,,1
2015-12-25,Dezember,Freitag,Erster Weihnachtsfeiertag,0
2015-12-26,Dezember,Samstag,Zweiter Weihnachtsfeiertag,0
2015-12-27,Dezember,Sonntag,,0
2015-12-28,Dezember,Montag,,1
2015-12-29,Dezember,Dienstag,,1
2015-12-30,Dezember,Mittwoch,,1
2015-12-31,Dezember,Donnerstag,,1
2016-01-01,Januar,Freitag,Neujahr,0
2016-01-02,Januar,Samstag,,0
2016-01-03,Januar,Sonntag,,0
2016-01-04,Januar,Montag,,1
2016-01-05,Januar,Dienstag,,1
2016-01-06,Januar,Mittwoch,Heilige Drei Koenige,0
2016-01-07,Januar,Donnerstag,,1
2016-01-08,Januar,Freitag,,1
2016-01-09,Januar,Samstag,,0
2016-01-10,Januar,Sonntag,,0
2016-01-11,Januar,Montag,,1
2016-01-12,Januar,Dienstag,,1
2016-01-13,Januar,Mittwoch,,1
2016-01-14,Januar,Donnerstag,,1
2016-01-15,Januar,Freitag,,1
2016-01-16,Januar,Samstag,,0
2016-01-17,Januar,Sonntag,,0
2016-01-18,Januar,Montag,,1
2016-01-19,Januar,Dienstag,,1
2016-01-20,Januar,Mittwoch,,1
2016-01-21,Januar,Donnerstag,,1
2016-01-22,Januar,Freitag,,1
2016-01-23,Januar,Samstag,,0
2016-01-24,Januar,Sonntag,,0
2016-01-25,Januar,Montag,,1
2016-01-26,Januar,Dienstag,,1
2016-01-27,Januar,Mittwoch,,1
2016-01-28,Januar,Donnerstag,,1
2016-01-29,Januar,Freitag,,1
2016-01-30,Januar,Samstag,,0
2016-01-31,Januar,Sonntag,,0
2016-02-01,Februar,Montag,,1
2016-02-02,Februar,Dienstag,,1
2016-02-03,Februar,Mittwoch,,1
2016-02-04,Februar,Donnerstag,,1
2016-02-05,Februar,Freitag,,1
2016-02-06,Februar,Samstag,,0
2016-02-07,Februar,Sonntag,,0
2016-02-08,Februar,Montag,,1
2016-02-09,Februar,Dienstag,,1
2016-02-10,Februar,Mittwoch,,1
2016-02-11,Februar,Donnerstag,,1
2016-02-12,Februar,Freitag,,1
2016-02-13,Februar,Samstag,,0
2016-02-14,Februar,Sonntag,,0
2016-02-15,Februar,Montag,,1
2016-02-16,Februar,Dienstag,,1
2016-02-17,Februar,Mittwoch,,1
2016-02-18,Februar,Donnerstag,,1
2016-02-19,Februar,Freitag,,1
2016-02-20,Februar,Samstag,,0
2016-02-21,Februar,Sonntag,,0
2016-02-22,Februar,Montag,,1
2016-02-23,Februar,Dienstag,,1
2016-02-24,Februar,Mittwoch,,1
2016-02-25,Februar,Donnerstag,,1
2016-02-26,Februar,Freitag,,1
2016-02-27,Februar,Samstag,,0
2016-02-28,Februar,Sonntag,,0
2016-02-29,Februar,Montag,,1
2016-03-01,Maerz,Dienstag,,1
2016-03-02,Maerz,Mittwoch,,1
2016-03-03,Maerz,Donnerstag,,1
2016-03-04,Maerz,Freitag,,1
2016-03-05,Maerz,Samstag,,0
2016-03-06,Maerz,Sonntag,,0
2016-03-07,Maerz,Montag,,1
2016-03-08,Maerz,Dienstag,,1
2016-03-09,Maerz,Mittwoch,,1
2016-03-10,Maerz,Donnerstag,,1
2016-03-11,Maerz,Freitag,,1
2016-03-12,Maerz,Samstag,,0
2016-03-13,Maerz,Sonntag,,0
2016-03-14,Maerz,Montag,,1
2016-03-15,Maerz,Dienstag,,1
2016-03-16,Maerz,Mittwoch,,1
2016-03-17,Maerz,Donnerstag,,1
2016-03-18,Maerz,Freitag,,1
2016-03-19,Maerz,Samstag,,0
2016-03-20,Maerz,Sonntag,,0
2016-03-21,Maerz,Montag,,1
2016-03-22,Maerz,Dienstag,,1
2016-03-23,Maerz,Mittwoch,,1
2016-03-24,Maerz,Donnerstag,,1
2016-03-25,Maerz,Freitag,Karfreitag,0
2016-03-26,Maerz,Samstag,,0
2016-03-27,Maerz,Sonntag,,0
2016-03-28,Maerz,Montag,Ostermontag,0
2016-03-29,Maerz,Dienstag,,1
2016-03-30,Maerz,Mittwoch,,1
2016-03-31,Maerz,Donnerstag,,1
2016-04-01,April,Freitag,,1
2016-04-02,April,Samstag,,0
2016-04-03,April,Sonntag,,0
2016-04-04,April,Montag,,1
2016-04-05,April,Dienstag,,1
2016-04-06,April,Mittwoch,,1
2016-04-07,April,Donnerstag,,1
2016-04-08,April,Freitag,,1
2016-04-09,April,Samstag,,0
2016-04-10,April,Sonntag,,0
2016-04-11,April,Montag,,1
2016-04-12,April,Dienstag,,1
2016-04-13,April,Mittwoch,,1
2016-04-14,April,Donnerstag,,1
2016-04-15,April,Freitag,,1
2016-04-16,April,Samstag,,0
2016-04-17,April,Sonntag,,0
2016-04-18,April,Montag,,1
2016-04-19,April,Dienstag,,1
2016-04-20,April,Mittwoch,,1
2016-04-21,April,Donnerstag,,1
2016-04-22,April,Freitag,,1
2016-04-23,April,Samstag,,0
2016-04-24,April,Sonntag,,0
2016-04-25,April,Montag,,1
2016-04-26,April,Dienstag,,1
2016-04-27,April,Mittwoch,,1
2016-04-28,April,Donnerstag,,1
2016-04-29,April,Freitag,,1
2016-04-30,April,Samstag,,0
2016-05-01,Mai,Sonntag,Erster Mai,0
2016-05-02,Mai,Montag,,1
2016-05-03,Mai,Dienstag,,1
2016-05-04,Mai,Mittwoch,,1
2016-05-05,Mai,Donnerstag,Christi Himmelfahrt,0
2016-05-06,Mai,Freitag,,1
2016-05-07,Mai,Samstag,,0
2016-05-08,Mai,Sonntag,,0
2016-05-09,Mai,Montag,,1
2016-05-10,Mai,Dienstag,,1
2016-05-11,Mai,Mittwoch,,1
2016-05-12,Mai,Donnerstag,,1
2016-05-13,Mai,Freitag,,1
2016-05-14,Mai,Samstag,,0
2016-05-15,Mai,Sonntag,,0
2016-05-16,Mai,Montag,Pfingstmontag,0
2016-05-17,Mai,Dienstag,,1
2016-05-18,Mai,Mittwoch,,1
2016-05-19,Mai,Donnerstag,,1
2016-05-20,Mai,Freitag,,1
2016-05-21,Mai,Samstag,,0
2016-05-22,Mai,Sonntag,,0
2016-05-23,Mai,Montag,,1
2016-05-24,Mai,Dienstag,,1
2016-05-25,Mai,Mittwoch,,1
2016-05-26,Mai,Donnerstag,Fronleichnam,0
2016-05-27,Mai,Freitag,,1
2016-05-28,Mai,Samstag,,0
2016-05-29,Mai,Sonntag,,0
2016-05-30,Mai,Montag,,1
2016-05-31,Mai,Dienstag,,1
2016-06-01,Juni,Mittwoch,,1
2016-06-02,Juni,Donnerstag,,1
2016-06-03,Juni,Freitag,,1
2016-06-04,Juni,Samstag,,0
2016-06-05,Juni,Sonntag,,0
2016-06-06,Juni,Montag,,1
2016-06-07,Juni,Dienstag,,1
2016-06-08,Juni,Mittwoch,,1
2016-06-09,Juni,Donnerstag,,1
2016-06-10,Juni,Freitag,,1
2016-06-11,Juni,Samstag,,0
2016-06-12,Juni,Sonntag,,0
2016-06-13,Juni,Montag,,1
2016-06-14,Juni,Dienstag,,1
2016-06-15,Juni,Mittwoch,,1
2016-06-16,Juni,Donnerstag,,1
2016-06-17,Juni,Freitag,,1
2016-06-18,Juni,Samstag,,0
2016-06-19,Juni,Sonntag,,0
2016-06-20,Juni,Montag,,1
2016-06-21,Juni,Dienstag,,1
2016-06-22,Juni,Mittwoch,,1
2016-06-23,Juni,Donnerstag,,1
2016-06-24,Juni,Freitag,,1
2016-06-25,Juni,Samstag,,0
2016-06-26,Juni,Sonntag,,0
2016-06-27,Juni,Montag,,1
2016-06-28,Juni,Dienstag,,1
2016-06-29,Juni,Mittwoch,,1
2016-06-30,Juni,Donnerstag,,1
2016-07-01,Juli,Freitag,,1
2016-07-02,Juli,Samstag,,0
2016-07-03,Juli,Sonntag,,0
2016-07-04,Juli,Montag,,1
2016-07-05,Juli,Dienstag,,1
2016-07-06,Juli,Mittwoch,,1
2016-07-07,Juli,Donnerstag,,1
2016-07-08,Juli,Freitag,,1
2016-07-09,Juli,Samstag,,0
2016-07-10,Juli,Sonntag,,0
2016-07-11,Juli,Montag,,1
2016-07-12,Juli,Dienstag,,1
2016-07-13,Juli,Mittwoch,,1
2016-07-14,Juli,Donnerstag,,1
2016-07-15,Juli,Freitag,,1
2016-07-16,Juli,Samstag,,0
2016-07-17,Juli,Sonntag,,0
2016-07-18,Juli,Montag,,1
2016-07-19,Juli,Dienstag,,1
2016-07-20,Juli,Mittwoch,,1
2016-07-21,Juli,Donnerstag,,1
2016-07-22,Juli,Freitag,,1
2016-07-23,Juli,Samstag,,0
2016-07-24,Juli,Sonntag,,0
2016-07-25,Juli,Montag,,1
2016-07-26,Juli,Dienstag,,1
2016-07-27,Juli,Mittwoch,,1
2016-07-28,Juli,Donnerstag,,1
2016-07-29,Juli,Freitag,,1
2016-07-30,Juli,Samstag,,0
2016-07-31,Juli,Sonntag,,0
2016-08-01,August,Montag,,1
2016-08-02,August,Dienstag,,1
2016-08-03,August,Mittwoch,,1
2016-08-04,August,Donnerstag,,1
2016-08-05,August,Freitag,,1
2016-08-06,August,Samstag,,0
2016-08-07,August,Sonntag,,0
2016-08-08,August,Montag,,1
2016-08-09,August,Dienstag,,1
2016-08-10,August,Mittwoch,,1
2016-08-11,August,Donnerstag,,1
2016-08-12,August,Freitag,,1
2016-08-13,August,Samstag,,0
2016-08-14,August,Sonntag,,0
2016-08-15,August,Montag,,1
2016-08-16,August,Dienstag,,1
2016-08-17,August,Mittwoch,,1
2016-08-18,August,Donnerstag,,1
2016-08-19,August,Freitag,,1
2016-08-20,August,Samstag,,0
2016-08-21,August,Sonntag,,0
2016-08-22,August,Montag,,1
2016-08-23,August,Dienstag,,1
2016-08-24,August,Mittwoch,,1
2016-08-25,August,Donnerstag,,1
2016-08-26,August,Freitag,,1
2016-08-27,August,Samstag,,0
2016-08-28,August,Sonntag,,0
2016-08-29,August,Montag,,1
2016-08-30,August,Dienstag,,1
2016-08-31,August,Mittwoch,,1
2016-09-01,September,Donnerstag,,1
2016-09-02,September,Freitag,,1
2016-09-03,September,Samstag,,0
2016-09-04,September,Sonntag,,0
2016-09-05,September,Montag,,1
2016-09-06,September,Dienstag,,1
2016-09-07,September,Mittwoch,,1
2016-09-08,September,Donnerstag,,1
2016-09-09,September,Freitag,,1
2016-09-10,September,Samstag,,0
2016-09-11,September,Sonntag,,0
2016-09-12,September,Montag,,1
2016-09-13,September,Dienstag,,1
2016-09-14,September,Mittwoch,,1
2016-09-15,September,Donnerstag,,1
2016-09-16,September,Freitag,,1
2016-09-17,September,Samstag,,0
2016-09-18,September,Sonntag,,0
2016-09-19,September,Montag,,1
2016-09-20,September,Dienstag,,1
2016-09-21,September,Mittwoch,,1
2016-09-22,September,Donnerstag,,1
2016-09-23,September,Freitag,,1
2016-09-24,September,Samstag,,0
2016-09-25,September,Sonntag,,0
2016-09-26,September,Montag,,1
2016-09-27,September,Dienstag,,1
2016-09-28,September,Mittwoch,,1
2016-09-29,September,Donnerstag,,1
2016-09-30,September,Freitag,,1
2016-10-01,Oktober,Samstag,,0
2016-10-02,Oktober,Sonntag,,0
2016-10-03,Oktober,Montag,Tag der Deutschen Einheit,0
2016-10-04,Oktober,Dienstag,,1
2016-10-05,Oktober,Mittwoch,,1
2016-10-06,Oktober,Donnerstag,,1
2016-10-07,Oktober,Freitag,,1
2016-10-08,Oktober,Samstag,,0
2016-10-09,Oktober,Sonntag,,0
2016-10-10,Oktober,Montag,,1
2016-10-11,Oktober,Dienstag,,1
2016-10-12,Oktober,Mittwoch,,1
2016-10-13,Oktober,Donnerstag,,1
2016-10-14,Oktober,Freitag,,1
2016-10-15,Oktober,Samstag,,0
2016-10-16,Oktober,Sonntag,,0
2016-10-17,Oktober,Montag,,1
2016-10-18,Oktober,Dienstag,,1
2016-10-19,Oktober,Mittwoch,,1
2016-10-20,Oktober,Donnerstag,,1
2016-10-21,Oktober,Freitag,,1
2016-10-22,Oktober,Samstag,,0
2016-10-23,Oktober,Sonntag,,0
2016-10-24,Oktober,Montag,,1
2016-10-25,Oktober,Dienstag,,1
2016-10-26,Oktober,Mittwoch,,1
2016-10-27,Oktober,Donnerstag,,1
2016-10-28,Oktober,Freitag,,1
2016-10-29,Oktober,Samstag,,0
2016-10-30,Oktober,Sonntag,,0
2016-10-31,Oktober,Montag,,1
2016-11-01,November,Dienstag,Allerheiligen,0
2016-11-02,November,Mittwoch,,1
2016-11-03,November,Donnerstag,,1
2016-11-04,November,Freitag,,1
2016-11-05,November,Samstag,,0
2016-11-06,November,Sonntag,,0
2016-11-07,November,Montag,,1
2016-11-08,November,Dienstag,,1
2016-11-09,November,Mittwoch,,1
2016-11-10,November,Donnerstag,,1
2016-11-11,November,Freitag,,1
2016-11-12,November,Samstag,,0
2016-11-13,November,Sonntag,,0
2016-11-14,November,Montag,,1
2016-11-15,November,Dienstag,,1
2016-11-16,November,Mittwoch,,1
2016-11-17,November,Donnerstag,,1
2016-11-18,November,Freitag,,1
2016-11-19,November,Samstag,,0
2016-11-20,November,Sonntag,,0
2016-11-21,November,Montag,,1
2016-11-22,November,Dienstag,,1
2016-11-23,November,Mittwoch,,1
2016-11-24,November,Donnerstag,,1
2016-11-25,November,Freitag,,1
2016-11-26,November,Samstag,,0
2016-11-27,November,Sonntag,,0
2016-11-28,November,Montag,,1
2016-11-29,November,Dienstag,,1
2016-11-30,November,Mittwoch,,1
2016-12-01,Dezember,Donnerstag,,1
2016-12-02,Dezember,Freitag,,1
2016-12-03,Dezember,Samstag,,0
2016-12-04,Dezember,Sonntag,,0
2016-12-05,Dezember,Montag,,1
2016-12-06,Dezember,Dienstag,,1
2016-12-07,Dezember,Mittwoch,,1
2016-12-08,Dezember,Donnerstag,,1
2016-12-09,Dezember,Freitag,,1
2016-12-10,Dezember,Samstag,,0
2016-12-11,Dezember,Sonntag,,0
2016-12-12,Dezember,Montag,,1
2016-12-13,Dezember,Dienstag,,1
2016-12-14,Dezember,Mittwoch,,1
2016-12-15,Dezember,Donnerstag,,1
2016-12-16,Dezember,Freitag,,1
2016-12-17,Dezember,Samstag,,0
2016-12-18,Dezember,Sonntag,,0
2016-12-19,Dezember,Montag,,1
2016-12-20,Dezember,Dienstag,,1
2016-12-21,Dezember,Mittwoch,,1
2016-12-22,Dezember,Donnerstag,,1
2016-12-23,Dezember,Freitag,,1
2016-12-24,Dezember,Samstag,,0
2016-12-25,Dezember,Sonntag,Erster Weihnachtsfeiertag,0
2016-12-26,Dezember,Montag,Zweiter Weihnachtsfeiertag,0
2016-12-27,Dezember,Dienstag,,1
2016-12-28,Dezember,Mittwoch,,1
2016-12-29,Dezember,Donnerstag,,1
2016-12-30,Dezember,Freitag,,1
2016-12-31,Dezember,Samstag,,0
2017-01-01,Januar,Sonntag,Neujahr,0
2017-01-02,Januar,Montag,,1
2017-01-03,Januar,Dienstag,,1
2017-01-04,Januar,Mittwoch,,1
2017-01-05,Januar,Donnerstag,,1
2017-01-06,Januar,Freitag,Heilige Drei Koenige,0
2017-01-07,Januar,Samstag,,0
2017-01-08,Januar,Sonntag,,0
2017-01-09,Januar,Montag,,1
2017-01-10,Januar,Dienstag,,1
2017-01-11,Januar,Mittwoch,,1
2017-01-12,Januar,Donnerstag,,1
2017-01-13,Januar,Freitag,,1
2017-01-14,Januar,Samstag,,0
2017-01-15,Januar,Sonntag,,0
2017-01-16,Januar,Montag,,1
2017-01-17,Januar,Dienstag,,1
2017-01-18,Januar,Mittwoch,,1
2017-01-19,Januar,Donnerstag,,1
2017-01-20,Januar,Freitag,,1
2017-01-21,Januar,Samstag,,0
2017-01-22,Januar,Sonntag,,0
2017-01-23,Januar,Montag,,1
2017-01-24,Januar,Dienstag,,1
2017-01-25,Januar,Mittwoch,,1
2017-01-26,Januar,Donnerstag,,1
2017-01-27,Januar,Freitag,,1
2017-01-28,Januar,Samstag,,0
2017-01-29,Januar,Sonntag,,0
2017-01-30,Januar,Montag,,1
2017-01-31,Januar,Dienstag,,1
2017-02-01,Februar,Mittwoch,,1
2017-02-02,Februar,Donnerstag,,1
2017-02-03,Februar,Freitag,,1
2017-02-04,Februar,Samstag,,0
2017-02-05,Februar,Sonntag,,0
2017-02-06,Februar,Montag,,1
2017-02-07,Februar,Dienstag,,1
2017-02-08,Februar,Mittwoch,,1
2017-02-09,Februar,Donnerstag,,1
2017-02-10,Februar,Freitag,,1
2017-02-11,Februar,Samstag,,0
2017-02-12,Februar,Sonntag,,0
2017-02-13,Februar,Montag,,1
2017-02-14,Februar,Dienstag,,1
2017-02-15,Februar,Mittwoch,,1
2017-02-16,Februar,Donnerstag,,1
2017-02-17,Februar,Freitag,,1
2017-02-18,Februar,Samstag,,0
2017-02-19,Februar,Sonntag,,0
2017-02-20,Februar,Montag,,1
2017-02-21,Februar,Dienstag,,1
2017-02-22,Februar,Mittwoch,,1
2017-02-23,Februar,Donnerstag,,1
2017-02-24,Februar,Freitag,,1
2017-02-25,Februar,Samstag,,0
2017-02-26,Februar,Sonntag,,0
2017-02-27,Februar,Montag,,1
2017-02-28,Februar,Dienstag,,1
2017-03-01,Maerz,Mittwoch,,1
2017-03-02,Maerz,Donnerstag,,1
2017-03-03,Maerz,Freitag,,1
2017-03-04,Maerz,Samstag,,0
2017-03-05,Maerz,Sonntag,,0
2017-03-06,Maerz,Montag,,1
2017-03-07,Maerz,Dienstag,,1
2017-03-08,Maerz,Mittwoch,,1
2017-03-09,Maerz,Donnerstag,,1
2017-03-10,Maerz,Freitag,,1
2017-03-11,Maerz,Samstag,,0
2017-03-12,Maerz,Sonntag,,0
2017-03-13,Maerz,Montag,,1
2017-03-14,Maerz,Dienstag,,1
2017-03-15,Maerz,Mittwoch,,1
2017-03-16,Maerz,Donnerstag,,1
2017-03-17,Maerz,Freitag,,1
2017-03-18,Maerz,Samstag,,0
2017-03-19,Maerz,Sonntag,,0
2017-03-20,Maerz,Montag,,1
2017-03-21,Maerz,Dienstag,,1
2017-03-22,Maerz,Mittwoch,,1
2017-03-23,Maerz,Donnerstag,,1
2017-03-24,Maerz,Freitag,,1
2017-03-25,Maerz,Samstag,,0
2017-03-26,Maerz,Sonntag,,0
2017-03-27,Maerz,Montag,,1
2017-03-28,Maerz,Dienstag,,1
2017-03-29,Maerz,Mittwoch,,1
2017-03-30,Maerz,Donnerstag,,1
2017-03-31,Maerz,Freitag,,1
2017-04-01,April,Samstag,,0
2017-04-02,April,Sonntag,,0
2017-04-03,April,Montag,,1
2017-04-04,April,Dienstag,,1
2017-04-05,April,Mittwoch,,1
2017-04-06,April,Donnerstag,,1
2017-04-07,April,Freitag,,1
2017-04-08,April,Samstag,,0
2017-04-09,April,Sonntag,,0
2017-04-10,April,Montag,,1
2017-04-11,April,Dienstag,,1
2017-04-12,April,Mittwoch,,1
2017-04-13,April,Donnerstag,,1
2017-04-14,April,Freitag,Karfreitag,0
2017-04-15,April,Samstag,,0
2017-04-16,April,Sonntag,,0
2017-04-17,April,Montag,Ostermontag,0
2017-04-18,April,Dienstag,,1
2017-04-19,April,Mittwoch,,1
2017-04-20,April,Donnerstag,,1
2017-04-21,April,Freitag,,1
2017-04-22,April,Samstag,,0
2017-04-23,April,Sonntag,,0
2017-04-24,April,Montag,,1
2017-04-25,April,Dienstag,,1
2017-04-26,April,Mittwoch,,1
2017-04-27,April,Donnerstag,,1
2017-04-28,April,Freitag,,1
2017-04-29,April,Samstag,,0
2017-04-30,April,Sonntag,,0
2017-05-01,Mai,Montag,Erster Mai,0
2017-05-02,Mai,Dienstag,,1
2017-05-03,Mai,Mittwoch,,1
2017-05-04,Mai,Donnerstag,,1
2017-05-05,Mai,Freitag,,1
2017-05-06,Mai,Samstag,,0
2017-05-07,Mai,Sonntag,,0
2017-05-08,Mai,Montag,,1
2017-05-09,Mai,Dienstag,,1
2017-05-10,Mai,Mittwoch,,1
2017-05-11,Mai,Donnerstag,,1
2017-05-12,Mai,Freitag,,1
2017-05-13,Mai,Samstag,,0
2017-05-14,Mai,Sonntag,,0
2017-05-15,Mai,Montag,,1
2017-05-16,Mai,Dienstag,,1
2017-05-17,Mai,Mittwoch,,1
2017-05-18,Mai,Donnerstag,,1
2017-05-19,Mai,Freitag,,1
2017-05-20,Mai,Samstag,,0
2017-05-21,Mai,Sonntag,,0
2017-05-22,Mai,Montag,,1
2017-05-23,Mai,Dienstag,,1
2017-05-24,Mai,Mittwoch,,1
2017-05-25,Mai,Donnerstag,Christi Himmelfahrt,0
2017-05-26,Mai,Freitag,,1
2017-05-27,Mai,Samstag,,0
2017-05-28,Mai,Sonntag,,0
2017-05-29,Mai,Montag,,1
2017-05-30,Mai,Dienstag,,1
2017-05-31,Mai,Mittwoch,,1
2017-06-01,Juni,Donnerstag,,1
2017-06-02,Juni,Freitag,,1
2017-06-03,Juni,Samstag,,0
2017-06-04,Juni,Sonntag,,0
2017-06-05,Juni,Montag,Pfingstmontag,0
2017-06-06,Juni,Dienstag,,1
2017-06-07,Juni,Mittwoch,,1
2017-06-08,Juni,Donnerstag,,1
2017-06-09,Juni,Freitag,,1
2017-06-10,Juni,Samstag,,0
2017-06-11,Juni,Sonntag,,0
2017-06-12,Juni,Montag,,1
2017-06-13,Juni,Dienstag,,1
2017-06-14,Juni,Mittwoch,,1
2017-06-15,Juni,Donnerstag,Fronleichnam,0
2017-06-16,Juni,Freitag,,1
2017-06-17,Juni,Samstag,,0
2017-06-18,Juni,Sonntag,,0
2017-06-19,Juni,Montag,,1
2017-06-20,Juni,Dienstag,,1
2017-06-21,Juni,Mittwoch,,1
2017-06-22,Juni,Donnerstag,,1
2017-06-23,Juni,Freitag,,1
2017-06-24,Juni,Samstag,,0
2017-06-25,Juni,Sonntag,,0
2017-06-26,Juni,Montag,,1
2017-06-27,Juni,Dienstag,,1
2017-06-28,Juni,Mittwoch,,1
2017-06-29,Juni,Donnerstag,,1
2017-06-30,Juni,Freitag,,1
2017-07-01,Juli,Samstag,,0
2017-07-02,Juli,Sonntag,,0
2017-07-03,Juli,Montag,,1
2017-07-04,Juli,Dienstag,,1
2017-07-05,Juli,Mittwoch,,1
2017-07-06,Juli,Donnerstag,,1
2017-07-07,Juli,Freitag,,1
2017-07-08,Juli,Samstag,,0
2017-07-09,Juli,Sonntag,,0
2017-07-10,Juli,Montag,,1
2017-07-11,Juli,Dienstag,,1
2017-07-12,Juli,Mittwoch,,1
2017-07-13,Juli,Donnerstag,,1
2017-07-14,Juli,Freitag,,1
2017-07-15,Juli,Samstag,,0
2017-07-16,Juli,Sonntag,,0
2017-07-17,Juli,Montag,,1
2017-07-18,Juli,Dienstag,,1
2017-07-19,Juli,Mittwoch,,1
2017-07-20,Juli,Donnerstag,,1
2017-07-21,Juli,Freitag,,1
2017-07-22,Juli,Samstag,,0
2017-07-23,Juli,Sonntag,,0
2017-07-24,Juli,Montag,,1
2017-07-25,Juli,Dienstag,,1
2017-07-26,Juli,Mittwoch,,1
2017-07-27,Juli,Donnerstag,,1
2017-07-28,Juli,Freitag,,1
2017-07-29,Juli,Samstag,,0
2017-07-30,Juli,Sonntag,,0
2017-07-31,Juli,Montag,,1
2017-08-01,August,Dienstag,,1
2017-08-02,August,Mittwoch,,1
2017-08-03,August,Donnerstag,,1
2017-08-04,August,Freitag,,1
2017-08-05,August,Samstag,,0
2017-08-06,August,Sonntag,,0
2017-08-07,August,Montag,,1
2017-08-08,August,Dienstag,,1
2017-08-09,August,Mittwoch,,1
2017-08-10,August,Donnerstag,,1
2017-08-11,August,Freitag,,1
2017-08-12,August,Samstag,,0
2017-08-13,August,Sonntag,,0
2017-08-14,August,Montag,,1
2017-08-15,August,Dienstag,,1
2017-08-16,August,Mittwoch,,1
2017-08-17,August,Donnerstag,,1
2017-08-18,August,Freitag,,1
2017-08-19,August,Samstag,,0
2017-08-20,August,Sonntag,,0
2017-08-21,August,Montag,,1
2017-08-22,August,Dienstag,,1
2017-08-23,August,Mittwoch,,1
2017-08-24,August,Donnerstag,,1
2017-08-25,August,Freitag,,1
2017-08-26,August,Samstag,,0
2017-08-27,August,Sonntag,,0
2017-08-28,August,Montag,,1
2017-08-29,August,Dienstag,,1
2017-08-30,August,Mittwoch,,1
2017-08-31,August,Donnerstag,,1
2017-09-01,September,Freitag,,1
2017-09-02,September,Samstag,,0
2017-09-03,September,Sonntag,,0
2017-09-04,September,Montag,,1
2017-09-05,September,Dienstag,,1
2017-09-06,September,Mittwoch,,1
2017-09-07,September,Donnerstag,,1
2017-09-08,September,Freitag,,1
2017-09-09,September,Samstag,,0
2017-09-10,September,Sonntag,,0
2017-09-11,September,Montag,,1
2017-09-12,September,Dienstag,,1
2017-09-13,September,Mittwoch,,1
2017-09-14,September,Donnerstag,,1
2017-09-15,September,Freitag,,1
2017-09-16,September,Samstag,,0
2017-09-17,September,Sonntag,,0
2017-09-18,September,Montag,,1
2017-09-19,September,Dienstag,,1
2017-09-20,September,Mittwoch,,1
2017-09-21,September,Donnerstag,,1
2017-09-22,September,Freitag,,1
2017-09-23,September,Samstag,,0
2017-09-24,September,Sonntag,,0
2017-09-25,September,Montag,,1
2017-09-26,September,Dienstag,,1
2017-09-27,September,Mittwoch,,1
2017-09-28,September,Donnerstag,,1
2017-09-29,September,Freitag,,1
2017-09-30,September,Samstag,,0
2017-10-01,Oktober,Sonntag,,0
2017-10-02,Oktober,Montag,,1
2017-10-03,Oktober,Dienstag,Tag der Deutschen Einheit,0
2017-10-04,Oktober,Mittwoch,,1
2017-10-05,Oktober,Donnerstag,,1
2017-10-06,Oktober,Freitag,,1
2017-10-07,Oktober,Samstag,,0
2017-10-08,Oktober,Sonntag,,0
2017-10-09,Oktober,Montag,,1
2017-10-10,Oktober,Dienstag,,1
2017-10-11,Oktober,Mittwoch,,1
2017-10-12,Oktober,Donnerstag,,1
2017-10-13,Oktober,Freitag,,1
2017-10-14,Oktober,Samstag,,0
2017-10-15,Oktober,Sonntag,,0
2017-10-16,Oktober,Montag,,1
2017-10-17,Oktober,Dienstag,,1
2017-10-18,Oktober,Mittwoch,,1
2017-10-19,Oktober,Donnerstag,,1
2017-10-20,Oktober,Freitag,,1
2017-10-21,Oktober,Samstag,,0
2017-10-22,Oktober,Sonntag,,0
2017-10-23,Oktober,Montag,,1
2017-10-24,Oktober,Dienstag,,1
2017-10-25,Oktober,Mittwoch,,1
2017-10-26,Oktober,Donnerstag,,1
2017-10-27,Oktober,Freitag,,1
2017-10-28,Oktober,Samstag,,0
2017-10-29,Oktober,Sonntag,,0
2017-10-30,Oktober,Montag,,1
2017-10-31,Oktober,Dienstag,Reformationstag,0
2017-11-01,November,Mittwoch,Allerheiligen,0
2017-11-02,November,Donnerstag,,1
2017-11-03,November,Freitag,,1
2017-11-04,November,Samstag,,0
2017-11-05,November,Sonntag,,0
2017-11-06,November,Montag,,1
2017-11-07,November,Dienstag,,1
2017-11-08,November,Mittwoch,,1
2017-11-09,November,Donnerstag,,1
2017-11-10,November,Freitag,,1
2017-11-11,November,Samstag,,0
2017-11-12,November,Sonntag,,0
2017-11-13,November,Montag,,1
2017-11-14,November,Dienstag,,1
2017-11-15,November,Mittwoch,,1
2017-11-16,November,Donnerstag,,1
2017-11-17,November,Freitag,,1
2017-11-18,November,Samstag,,0
2017-11-19,November,Sonntag,,0
2017-11-20,November,Montag,,1
2017-11-21,November,Dienstag,,1
2017-11-22,November,Mittwoch,,1
2017-11-23,November,Donnerstag,,1
2017-11-24,November,Freitag,,1
2017-11-25,November,Samstag,,0
2017-11-26,November,Sonntag,,0
2017-11-27,November,Montag,,1
2017-11-28,November,Dienstag,,1
2017-11-29,November,Mittwoch,,1
2017-11-30,November,Donnerstag,,1
2017-12-01,Dezember,Freitag,,1
2017-12-02,Dezember,Samstag,,0
2017-12-03,Dezember,Sonntag,,0
2017-12-04,Dezember,Montag,,1
2017-12-05,Dezember,Dienstag,,1
2017-12-06,Dezember,Mittwoch,,1
2017-12-07,Dezember,Donnerstag,,1
2017-12-08,Dezember,Freitag,,1
2017-12-09,Dezember,Samstag,,0
2017-12-10,Dezember,Sonntag,,0
2017-12-11,Dezember,Montag,,1
2017-12-12,Dezember,Dienstag,,1
2017-12-13,Dezember,Mittwoch,,1
2017-12-14,Dezember,Donnerstag,,1
2017-12-15,Dezember,Freitag,,1
2017-12-16,Dezember,Samstag,,0
2017-12-17,Dezember,Sonntag,,0
2017-12-18,Dezember,Montag,,1
2017-12-19,Dezember,Dienstag,,1
2017-12-20,Dezember,Mittwoch,,1
2017-12-21,Dezember,Donnerstag,,1
2017-12-22,Dezember,Freitag,,1
2017-12-23,Dezember,Samstag,,0
2017-12-24,Dezember,Sonntag,,0
2017-12-25,Dezember,Montag,Erster Weihnachtsfeiertag,0
2017-12-26,Dezember,Dienstag,Zweiter Weihnachtsfeiertag,0
2017-12-27,Dezember,Mittwoch,,1
2017-12-28,Dezember,Donnerstag,,1
2017-12-29,Dezember,Freitag,,1
2017-12-30,Dezember,Samstag,,0
2017-12-31,Dezember,Sonntag,,0
2018-01-01,Januar,Montag,Neujahr,0
2018-01-02,Januar,Dienstag,,1
2018-01-03,Januar,Mittwoch,,1
2018-01-04,Januar,Donnerstag,,1
2018-01-05,Januar,Freitag,,1
2018-01-06,Januar,Samstag,Heilige Drei Koenige,0
2018-01-07,Januar,Sonntag,,0
2018-01-08,Januar,Montag,,1
2018-01-09,Januar,Dienstag,,1
2018-01-10,Januar,Mittwoch,,1
2018-01-11,Januar,Donnerstag,,1
2018-01-12,Januar,Freitag,,1
2018-01-13,Januar,Samstag,,0
2018-01-14,Januar,Sonntag,,0
2018-01-15,Januar,Montag,,1
2018-01-16,Januar,Dienstag,,1
2018-01-17,Januar,Mittwoch,,1
2018-01-18,Januar,Donnerstag,,1
2018-01-19,Januar,Freitag,,1
2018-01-20,Januar,Samstag,,0
2018-01-21,Januar,Sonntag,,0
2018-01-22,Januar,Montag,,1
2018-01-23,Januar,Dienstag,,1
2018-01-24,Januar,Mittwoch,,1
2018-01-25,Januar,Donnerstag,,1
2018-01-26,Januar,Freitag,,1
2018-01-27,Januar,Samstag,,0
2018-01-28,Januar,Sonntag,,0
2018-01-29,Januar,Montag,,1
2018-01-30,Januar,Dienstag,,1
2018-01-31,Januar,Mittwoch,,1
2018-02-01,Februar,Donnerstag,,1
2018-02-02,Februar,Freitag,,1
2018-02-03,Februar,Samstag,,0
2018-02-04,Februar,Sonntag,,0
2018-02-05,Februar,Montag,,1
2018-02-06,Februar,Dienstag,,1
2018-02-07,Februar,Mittwoch,,1
2018-02-08,Februar,Donnerstag,,1
2018-02-09,Februar,Freitag,,1
2018-02-10,Februar,Samstag,,0
2018-02-11,Februar,Sonntag,,0
2018-02-12,Februar,Montag,,1
2018-02-13,Februar,Dienstag,,1
2018-02-14,Februar,Mittwoch,,1
2018-02-15,Februar,Donnerstag,,1
2018-02-16,Februar,Freitag,,1
2018-02-17,Februar,Samstag,,0
2018-02-18,Februar,Sonntag,,0
2018-02-19,Februar,Montag,,1
2018-02-20,Februar,Dienstag,,1
2018-02-21,Februar,Mittwoch,,1
2018-02-22,Februar,Donnerstag,,1
2018-02-23,Februar,Freitag,,1
2018-02-24,Februar,Samstag,,0
2018-02-25,Februar,Sonntag,,0
2018-02-26,Februar,Montag,,1
2018-02-27,Februar,Dienstag,,1
2018-02-28,Februar,Mittwoch,,1
2018-03-01,Maerz,Donnerstag,,1
2018-03-02,Maerz,Freitag,,1
2018-03-03,Maerz,Samstag,,0
2018-03-04,Maerz,Sonntag,,0
2018-03-05,Maerz,Montag,,1
2018-03-06,Maerz,Dienstag,,1
2018-03-07,Maerz,Mittwoch,,1
2018-03-08,Maerz,Donnerstag,,1
2018-03-09,Maerz,Freitag,,1
2018-03-10,Maerz,Samstag,,0
2018-03-11,Maerz,Sonntag,,0
2018-03-12,Maerz,Montag,,1
2018-03-13,Maerz,Dienstag,,1
2018-03-14,Maerz,Mittwoch,,1
2018-03-15,Maerz,Donnerstag,,1
2018-03-16,Maerz,Freitag,,1
2018-03-17,Maerz,Samstag,,0
2018-03-18,Maerz,Sonntag,,0
2018-03-19,Maerz,Montag,,1
2018-03-20,Maerz,Dienstag,,1
2018-03-21,Maerz,Mittwoch,,1
2018-03-22,Maerz,Donnerstag,,1
2018-03-23,Maerz,Freitag,,1
2018-03-24,Maerz,Samstag,,0
2018-03-25,Maerz,Sonntag,,0
2018-03-26,Maerz,Montag,,1
2018-03-27,Maerz,Dienstag,,1
2018-03-28,Maerz,Mittwoch,,1
2018-03-29,Maerz,Donnerstag,,1
2018-03-30,Maerz,Freitag,Karfreitag,0
2018-03-31,Maerz,Samstag,,0
2018-04-01,April,Sonntag,,0
2018-04-02,April,Montag,Ostermontag,0
2018-04-03,April,Dienstag,,1
2018-04-04,April,Mittwoch,,1
2018-04-05,April,Donnerstag,,1
2018-04-06,April,Freitag,,1
2018-04-07,April,Samstag,,0
2018-04-08,April,Sonntag,,0
2018-04-09,April,Montag,,1
2018-04-10,April,Dienstag,,1
2018-04-11,April,Mittwoch,,1
2018-04-12,April,Donnerstag,,1
2018-04-13,April,Freitag,,1
2018-04-14,April,Samstag,,0
2018-04-15,April,Sonntag,,0
2018-04-16,April,Montag,,1
2018-04-17,April,Dienstag,,1
2018-04-18,April,Mittwoch,,1
2018-04-19,April,Donnerstag,,1
2018-04-20,April,Freitag,,1
2018-04-21,April,Samstag,,0
2018-04-22,April,Sonntag,,0
2018-04-23,April,Montag,,1
2018-04-24,April,Dienstag,,1
2018-04-25,April,Mittwoch,,1
2018-04-26,April,Donnerstag,,1
2018-04-27,April,Freitag,,1
2018-04-28,April,Samstag,,0
2018-04-29,April,Sonntag,,0
2018-04-30,April,Montag,,1
2018-05-01,Mai,Dienstag,Erster Mai,0
2018-05-02,Mai,Mittwoch,,1
2018-05-03,Mai,Donnerstag,,1
2018-05-04,Mai,Freitag,,1
2018-05-05,Mai,Samstag,,0
2018-05-06,Mai,Sonntag,,0
2018-05-07,Mai,Montag,,1
2018-05-08,Mai,Dienstag,,1
2018-05-09,Mai,Mittwoch,,1
2018-05-10,Mai,Donnerstag,Christi Himmelfahrt,0
2018-05-11,Mai,Freitag,,1
2018-05-12,Mai,Samstag,,0
2018-05-13,Mai,Sonntag,,0
2018-05-14,Mai,Montag,,1
2018-05-15,Mai,Dienstag,,1
2018-05-16,Mai,Mittwoch,,1
2018-05-17,Mai,Donnerstag,,1
2018-05-18,Mai,Freitag,,1
2018-05-19,Mai,Samstag,,0
2018-05-20,Mai,Sonntag,,0
2018-05-21,Mai,Montag,Pfingstmontag,0
2018-05-22,Mai,Dienstag,,1
2018-05-23,Mai,Mittwoch,,1
2018-05-24,Mai,Donnerstag,,1
2018-05-25,Mai,Freitag,,1
2018-05-26,Mai,Samstag,,0
2018-05-27,Mai,Sonntag,,0
2018-05-28,Mai,Montag,,1
2018-05-29,Mai,Dienstag,,1
2018-05-30,Mai,Mittwoch,,1
2018-05-31,Mai,Donnerstag,Fronleichnam,0
2018-06-01,Juni,Freitag,,1
2018-06-02,Juni,Samstag,,0
2018-06-03,Juni,Sonntag,,0
2018-06-04,Juni,Montag,,1
2018-06-05,Juni,Dienstag,,1
2018-06-06,Juni,Mittwoch,,1
2018-06-07,Juni,Donnerstag,,1
2018-06-08,Juni,Freitag,,1
2018-06-09,Juni,Samstag,,0
2018-06-10,Juni,Sonntag,,0
2018-06-11,Juni,Montag,,1
2018-06-12,Juni,Dienstag,,1
2018-06-13,Juni,Mittwoch,,1
2018-06-14,Juni,Donnerstag,,1
2018-06-15,Juni,Freitag,,1
2018-06-16,Juni,Samstag,,0
2018-06-17,Juni,Sonntag,,0
2018-06-18,Juni,Montag,,1
2018-06-19,Juni,Dienstag,,1
2018-06-20,Juni,Mittwoch,,1
2018-06-21,Juni,Donnerstag,,1
2018-06-22,Juni,Freitag,,1
2018-06-23,Juni,Samstag,,0
2018-06-24,Juni,Sonntag,,0
2018-06-25,Juni,Montag,,1
2018-06-26,Juni,Dienstag,,1
2018-06-27,Juni,Mittwoch,,1
2018-06-28,Juni,Donnerstag,,1
2018-06-29,Juni,Freitag,,1
2018-06-30,Juni,Samstag,,0
2018-07-01,Juli,Sonntag,,0
2018-07-02,Juli,Montag,,1
2018-07-03,Juli,Dienstag,,1
2018-07-04,Juli,Mittwoch,,1
2018-07-05,Juli,Donnerstag,,1
2018-07-06,Juli,Freitag,,1
2018-07-07,Juli,Samstag,,0
2018-07-08,Juli,Sonntag,,0
2018-07-09,Juli,Montag,,1
2018-07-10,Juli,Dienstag,,1
2018-07-11,Juli,Mittwoch,,1
2018-07-12,Juli,Donnerstag,,1
2018-07-13,Juli,Freitag,,1
2018-07-14,Juli,Samstag,,0
2018-07-15,Juli,Sonntag,,0
2018-07-16,Juli,Montag,,1
2018-07-17,Juli,Dienstag,,1
2018-07-18,Juli,Mittwoch,,1
2018-07-19,Juli,Donnerstag,,1
2018-07-20,Juli,Freitag,,1
2018-07-21,Juli,Samstag,,0
2018-07-22,Juli,Sonntag,,0
2018-07-23,Juli,Montag,,1
2018-07-24,Juli,Dienstag,,1
2018-07-25,Juli,Mittwoch,,1
2018-07-26,Juli,Donnerstag,,1
2018-07-27,Juli,Freitag,,1
2018-07-28,Juli,Samstag,,0
2018-07-29,Juli,Sonntag,,0
2018-07-30,Juli,Montag,,1
2018-07-31,Juli,Dienstag,,1
2018-08-01,August,Mittwoch,,1
2018-08-02,August,Donnerstag,,1
2018-08-03,August,Freitag,,1
2018-08-04,August,Samstag,,0
2018-08-05,August,Sonntag,,0
2018-08-06,August,Montag,,1
2018-08-07,August,Dienstag,,1
2018-08-08,August,Mittwoch,,1
2018-08-09,August,Donnerstag,,1
2018-08-10,August,Freitag,,1
2018-08-11,August,Samstag,,0
2018-08-12,August,Sonntag,,0
2018-08-13,August,Montag,,1
2018-08-14,August,Dienstag,,1
2018-08-15,August,Mittwoch,,1
2018-08-16,August,Donnerstag,,1
2018-08-17,August,Freitag,,1
2018-08-18,August,Samstag,,0
2018-08-19,August,Sonntag,,0
2018-08-20,August,Montag,,1
2018-08-21,August,Dienstag,,1
2018-08-22,August,Mittwoch,,1
2018-08-23,August,Donnerstag,,1
2018-08-24,August,Freitag,,1
2018-08-25,August,Samstag,,0
2018-08-26,August,Sonntag,,0
2018-08-27,August,Montag,,1
2018-08-28,August,Dienstag,,1
2018-08-29,August,Mittwoch,,1
2018-08-30,August,Donnerstag,,1
2018-08-31,August,Freitag,,1
2018-09-01,September,Samstag,,0
2018-09-02,September,Sonntag,,0
2018-09-03,September,Montag,,1
2018-09-04,September,Dienstag,,1
2018-09-05,September,Mittwoch,,1
2018-09-06,September,Donnerstag,,1
2018-09-07,September,Freitag,,1
2018-09-08,September,Samstag,,0
2018-09-09,September,Sonntag,,0
2018-09-10,September,Montag,,1
2018-09-11,September,Dienstag,,1
2018-09-12,September,Mittwoch,,1
2018-09-13,September,Donnerstag,,1
2018-09-14,September,Freitag,,1
2018-09-15,September,Samstag,,0
2018-09-16,September,Sonntag,,0
2018-09-17,September,Montag,,1
2018-09-18,September,Dienstag,,1
2018-09-19,September,Mittwoch,,1
2018-09-20,September,Donnerstag,,1
2018-09-21,September,Freitag,,1
2018-09-22,September,Samstag,,0
2018-09-23,September,Sonntag,,0
2018-09-24,September,Montag,,1
2018-09-25,September,Dienstag,,1
2018-09-26,September,Mittwoch,,1
2018-09-27,September,Donnerstag,,1
2018-09-28,September,Freitag,,1
2018-09-29,September,Samstag,,0
2018-09-30,September,Sonntag,,0
2018-10-01,Oktober,Montag,,1
2018-10-02,Oktober,Dienstag,,1
2018-10-03,Oktober,Mittwoch,Tag der Deutschen Einheit,0
2018-10-04,Oktober,Donnerstag,,1
2018-10-05,Oktober,Freitag,,1
2018-10-06,Oktober,Samstag,,0
2018-10-07,Oktober,Sonntag,,0
2018-10-08,Oktober,Montag,,1
2018-10-09,Oktober,Dienstag,,1
2018-10-10,Oktober,Mittwoch,,1
2018-10-11,Oktober,Donnerstag,,1
2018-10-12,Oktober,Freitag,,1
2018-10-13,Oktober,Samstag,,0
2018-10-14,Oktober,Sonntag,,0
2018-10-15,Oktober,Montag,,1
2018-10-16,Oktober,Dienstag,,1
2018-10-17,Oktober,Mittwoch,,1
2018-10-18,Oktober,Donnerstag,,1
2018-10-19,Oktober,Freitag,,1
2018-10-20,Oktober,Samstag,,0
2018-10-21,Oktober,Sonntag,,0
2018-10-22,Oktober,Montag,,1
2018-10-23,Oktober,Dienstag,,1
2018-10-24,Oktober,Mittwoch,,1
2018-10-25,Oktober,Donnerstag,,1
2018-10-26,Oktober,Freitag,,1
2018-10-27,Oktober,Samstag,,0
2018-10-28,Oktober,Sonntag,,0
2018-10-29,Oktober,Montag,,1
2018-10-30,Oktober,Dienstag,,1
2018-10-31,Oktober,Mittwoch,,1
2018-11-01,November,Donnerstag,Allerheiligen,0
2018-11-02,November,Freitag,,1
2018-11-03,November,Samstag,,0
2018-11-04,November,Sonntag,,0
2018-11-05,November,Montag,,1
2018-11-06,November,Dienstag,,1
2018-11-07,November,Mittwoch,,1
2018-11-08,November,Donnerstag,,1
2018-11-09,November,Freitag,,1
2018-11-10,November,Samstag,,0
2018-11-11,November,Sonntag,,0
2018-11-12,November,Montag,,1
2018-11-13,November,Dienstag,,1
2018-11-14,November,Mittwoch,,1
2018-11-15,November,Donnerstag,,1
2018-11-16,November,Freitag,,1
2018-11-17,November,Samstag,,0
2018-11-18,November,Sonntag,,0
2018-11-19,November,Montag,,1
2018-11-20,November,Dienstag,,1
2018-11-21,November,Mittwoch,,1
2018-11-22,November,Donnerstag,,1
2018-11-23,November,Freitag,,1
2018-11-24,November,Samstag,,0
2018-11-25,November,Sonntag,,0
2018-11-26,November,Montag,,1
2018-11-27,November,Dienstag,,1
2018-11-28,November,Mittwoch,,1
2018-11-29,November,Donnerstag,,1
2018-11-30,November,Freitag,,1
2018-12-01,Dezember,Samstag,,0
2018-12-02,Dezember,Sonntag,,0
2018-12-03,Dezember,Montag,,1
2018-12-04,Dezember,Dienstag,,1
2018-12-05,Dezember,Mittwoch,,1
2018-12-06,Dezember,Donnerstag,,1
2018-12-07,Dezember,Freitag,,1
2018-12-08,Dezember,Samstag,,0
2018-12-09,Dezember,Sonntag,,0
2018-12-10,Dezember,Montag,,1
2018-12-11,Dezember,Dienstag,,1
2018-12-12,Dezember,Mittwoch,,1
2018-12-13,Dezember,Donnerstag,,1
2018-12-14,Dezember,Freitag,,1
2018-12-15,Dezember,Samstag,,0
2018-12-16,Dezember,Sonntag,,0
2018-12-17,Dezember,Montag,,1
2018-12-18,Dezember,Dienstag,,1
2018-12-19,Dezember,Mittwoch,,1
2018-12-20,Dezember,Donnerstag,,1
2018-12-21,Dezember,Freitag,,1
2018-12-22,Dezember,Samstag,,0
2018-12-23,Dezember,Sonntag,,0
2018-12-24,Dezember,Montag,,1
2018-12-25,Dezember,Dienstag,Erster Weihnachtsfeiertag,0
2018-12-26,Dezember,Mittwoch,Zweiter Weihnachtsfeiertag,0
2018-12-27,Dezember,Donnerstag,,1
2018-12-28,Dezember,Freitag,,1
2018-12-29,Dezember,Samstag,,0
2018-12-30,Dezember,Sonntag,,0
2018-12-31,Dezember,Montag,,1
2019-01-01,Januar,Dienstag,Neujahr,0
2019-01-02,Januar,Mittwoch,,1
2019-01-03,Januar,Donnerstag,,1
2019-01-04,Januar,Freitag,,1
2019-01-05,Januar,Samstag,,0
2019-01-06,Januar,Sonntag,Heilige Drei Koenige,0
2019-01-07,Januar,Montag,,1
2019-01-08,Januar,Dienstag,,1
2019-01-09,Januar,Mittwoch,,1
2019-01-10,Januar,Donnerstag,,1
2019-01-11,Januar,Freitag,,1
2019-01-12,Januar,Samstag,,0
2019-01-13,Januar,Sonntag,,0
2019-01-14,Januar,Montag,,1
2019-01-15,Januar,Dienstag,,1
2019-01-16,Januar,Mittwoch,,1
2019-01-17,Januar,Donnerstag,,1
2019-01-18,Januar,Freitag,,1
2019-01-19,Januar,Samstag,,0
2019-01-20,Januar,Sonntag,,0
2019-01-21,Januar,Montag,,1
2019-01-22,Januar,Dienstag,,1
2019-01-23,Januar,Mittwoch,,1
2019-01-24,Januar,Donnerstag,,1
2019-01-25,Januar,Freitag,,1
2019-01-26,Januar,Samstag,,0
2019-01-27,Januar,Sonntag,,0
2019-01-28,Januar,Montag,,1
2019-01-29,Januar,Dienstag,,1
2019-01-30,Januar,Mittwoch,,1
2019-01-31,Januar,Donnerstag,,1
2019-02-01,Februar,Freitag,,1
2019-02-02,Februar,Samstag,,0
2019-02-03,Februar,Sonntag,,0
2019-02-04,Februar,Montag,,1
2019-02-05,Februar,Dienstag,,1
2019-02-06,Februar,Mittwoch,,1
2019-02-07,Februar,Donnerstag,,1
2019-02-08,Februar,Freitag,,1
2019-02-09,Februar,Samstag,,0
2019-02-10,Februar,Sonntag,,0
2019-02-11,Februar,Montag,,1
2019-02-12,Februar,Dienstag,,1
2019-02-13,Februar,Mittwoch,,1
2019-02-14,Februar,Donnerstag,,1
2019-02-15,Februar,Freitag,,1
2019-02-16,Februar,Samstag,,0
2019-02-17,Februar,Sonntag,,0
2019-02-18,Februar,Montag,,1
2019-02-19,Februar,Dienstag,,1
2019-02-20,Februar,Mittwoch,,1
2019-02-21,Februar,Donnerstag,,1
2019-02-22,Februar,Freitag,,1
2019-02-23,Februar,Samstag,,0
2019-02-24,Februar,Sonntag,,0
2019-02-25,Februar,Montag,,1
2019-02-26,Februar,Dienstag,,1
2019-02-27,Februar,Mittwoch,,1
2019-02-28,Februar,Donnerstag,,1
2019-03-01,Maerz,Freitag,,1
2019-03-02,Maerz,Samstag,,0
2019-03-03,Maerz,Sonntag,,0
2019-03-04,Maerz,Montag,,1
2019-03-05,Maerz,Dienstag,,1
2019-03-06,Maerz,Mittwoch,,1
2019-03-07,Maerz,Donnerstag,,1
2019-03-08,Maerz,Freitag,,1
2019-03-09,Maerz,Samstag,,0
2019-03-10,Maerz,Sonntag,,0
2019-03-11,Maerz,Montag,,1
2019-03-12,Maerz,Dienstag,,1
2019-03-13,Maerz,Mittwoch,,1
2019-03-14,Maerz,Donnerstag,,1
2019-03-15,Maerz,Freitag,,1
2019-03-16,Maerz,Samstag,,0
2019-03-17,Maerz,Sonntag,,0
2019-03-18,Maerz,Montag,,1
2019-03-19,Maerz,Dienstag,,1
2019-03-20,Maerz,Mittwoch,,1
2019-03-21,Maerz,Donnerstag,,1
2019-03-22,Maerz,Freitag,,1
2019-03-23,Maerz,Samstag,,0
2019-03-24,Maerz,Sonntag,,0
2019-03-25,Maerz,Montag,,1
2019-03-26,Maerz,Dienstag,,1
2019-03-27,Maerz,Mittwoch,,1
2019-03-28,Maerz,Donnerstag,,1
2019-03-29,Maerz,Freitag,,1
2019-03-30,Maerz,Samstag,,0
2019-03-31,Maerz,Sonntag,,0
2019-04-01,April,Montag,,1
2019-04-02,April,Dienstag,,1
2019-04-03,April,Mittwoch,,1
2019-04-04,April,Donnerstag,,1
2019-04-05,April,Freitag,,1
2019-04-06,April,Samstag,,0
2019-04-07,April,Sonntag,,0
2019-04-08,April,Montag,,1
2019-04-09,April,Dienstag,,1
2019-04-10,April,Mittwoch,,1
2019-04-11,April,Donnerstag,,1
2019-04-12,April,Freitag,,1
2019-04-13,April,Samstag,,0
2019-04-14,April,Sonntag,,0
2019-04-15,April,Montag,,1
2019-04-16,April,Dienstag,,1
2019-04-17,April,Mittwoch,,1
2019-04-18,April,Donnerstag,,1
2019-04-19,April,Freitag,Karfreitag,0
2019-04-20,April,Samstag,,0
2019-04-21,April,Sonntag,,0
2019-04-22,April,Montag,Ostermontag,0
2019-04-23,April,Dienstag,,1
2019-04-24,April,Mittwoch,,1
2019-04-25,April,Donnerstag,,1
2019-04-26,April,Freitag,,1
2019-04-27,April,Samstag,,0
2019-04-28,April,Sonntag,,0
2019-04-29,April,Montag,,1
2019-04-30,April,Dienstag,,1
2019-05-01,Mai,Mittwoch,Erster Mai,0
2019-05-02,Mai,Donnerstag,,1
2019-05-03,Mai,Freitag,,1
2019-05-04,Mai,Samstag,,0
2019-05-05,Mai,Sonntag,,0
2019-05-06,Mai,Montag,,1
2019-05-07,Mai,Dienstag,,1
2019-05-08,Mai,Mittwoch,,1
2019-05-09,Mai,Donnerstag,,1
2019-05-10,Mai,Freitag,,1
2019-05-11,Mai,Samstag,,0
2019-05-12,Mai,Sonntag,,0
2019-05-13,Mai,Montag,,1
2019-05-14,Mai,Dienstag,,1
2019-05-15,Mai,Mittwoch,,1
2019-05-16,Mai,Donnerstag,,1
2019-05-17,Mai,Freitag,,1
2019-05-18,Mai,Samstag,,0
2019-05-19,Mai,Sonntag,,0
2019-05-20,Mai,Montag,,1
2019-05-21,Mai,Dienstag,,1
2019-05-22,Mai,Mittwoch,,1
2019-05-23,Mai,Donnerstag,,1
2019-05-24,Mai,Freitag,,1
2019-05-25,Mai,Samstag,,0
2019-05-26,Mai,Sonntag,,0
2019-05-27,Mai,Montag,,1
2019-05-28,Mai,Dienstag,,1
2019-05-29,Mai,Mittwoch,,1
2019-05-30,Mai,Donnerstag,Christi Himmelfahrt,0
2019-05-31,Mai,Freitag,,1
2019-06-01,Juni,Samstag,,0
2019-06-02,Juni,Sonntag,,0
2019-06-03,Juni,Montag,,1
2019-06-04,Juni,Dienstag,,1
2019-06-05,Juni,Mittwoch,,1
2019-06-06,Juni,Donnerstag,,1
2019-06-07,Juni,Freitag,,1
2019-06-08,Juni,Samstag,,0
2019-06-09,Juni,Sonntag,,0
2019-06-10,Juni,Montag,Pfingstmontag,0
2019-06-11,Juni,Dienstag,,1
2019-06-12,Juni,Mittwoch,,1
2019-06-13,Juni,Donnerstag,,1
2019-06-14,Juni,Freitag,,1
2019-06-15,Juni,Samstag,,0
2019-06-16,Juni,Sonntag,,0
2019-06-17,Juni,Montag,,1
2019-06-18,Juni,Dienstag,,1
2019-06-19,Juni,Mittwoch,,1
2019-06-20,Juni,Donnerstag,Fronleichnam,0
2019-06-21,Juni,Freitag,,1
2019-06-22,Juni,Samstag,,0
2019-06-23,Juni,Sonntag,,0
2019-06-24,Juni,Montag,,1
2019-06-25,Juni,Dienstag,,1
2019-06-26,Juni,Mittwoch,,1
2019-06-27,Juni,Donnerstag,,1
2019-06-28,Juni,Freitag,,1
2019-06-29,Juni,Samstag,,0
2019-06-30,Juni,Sonntag,,0
2019-07-01,Juli,Montag,,1
2019-07-02,Juli,Dienstag,,1
2019-07-03,Juli,Mittwoch,,1
2019-07-04,Juli,Donnerstag,,1
2019-07-05,Juli,Freitag,,1
2019-07-06,Juli,Samstag,,0
2019-07-07,Juli,Sonntag,,0
2019-07-08,Juli,Montag,,1
2019-07-09,Juli,Dienstag,,1
2019-07-10,Juli,Mittwoch,,1
2019-07-11,Juli,Donnerstag,,1
2019-07-12,Juli,Freitag,,1
2019-07-13,Juli,Samstag,,0
2019-07-14,Juli,Sonntag,,0
2019-07-15,Juli,Montag,,1
2019-07-16,Juli,Dienstag,,1
2019-07-17,Juli,Mittwoch,,1
2019-07-18,Juli,Donnerstag,,1
2019-07-19,Juli,Freitag,,1
2019-07-20,Juli,Samstag,,0
2019-07-21,Juli,Sonntag,,0
2019-07-22,Juli,Montag,,1
2019-07-23,Juli,Dienstag,,1
2019-07-24,Juli,Mittwoch,,1
2019-07-25,Juli,Donnerstag,,1
2019-07-26,Juli,Freitag,,1
2019-07-27,Juli,Samstag,,0
2019-07-28,Juli,Sonntag,,0
2019-07-29,Juli,Montag,,1
2019-07-30,Juli,Dienstag,,1
2019-07-31,Juli,Mittwoch,,1
2019-08-01,August,Donnerstag,,1
2019-08-02,August,Freitag,,1
2019-08-03,August,Samstag,,0
2019-08-04,August,Sonntag,,0
2019-08-05,August,Montag,,1
2019-08-06,August,Dienstag,,1
2019-08-07,August,Mittwoch,,1
2019-08-08,August,Donnerstag,,1
2019-08-09,August,Freitag,,1
2019-08-10,August,Samstag,,0
2019-08-11,August,Sonntag,,0
2019-08-12,August,Montag,,1
2019-08-13,August,Dienstag,,1
2019-08-14,August,Mittwoch,,1
2019-08-15,August,Donnerstag,,1
2019-08-16,August,Freitag,,1
2019-08-17,August,Samstag,,0
2019-08-18,August,Sonntag,,0
2019-08-19,August,Montag,,1
2019-08-20,August,Dienstag,,1
2019-08-21,August,Mittwoch,,1
2019-08-22,August,Donnerstag,,1
2019-08-23,August,Freitag,,1
2019-08-24,August,Samstag,,0
2019-08-25,August,Sonntag,,0
2019-08-26,August,Montag,,1
2019-08-27,August,Dienstag,,1
2019-08-28,August,Mittwoch,,1
2019-08-29,August,Donnerstag,,1
2019-08-30,August,Freitag,,1
2019-08-31,August,Samstag,,0
2019-09-01,September,Sonntag,,0
2019-09-02,September,Montag,,1
2019-09-03,September,Dienstag,,1
2019-09-04,September,Mittwoch,,1
2019-09-05,September,Donnerstag,,1
2019-09-06,September,Freitag,,1
2019-09-07,September,Samstag,,0
2019-09-08,September,Sonntag,,0
2019-09-09,September,Montag,,1
2019-09-10,September,Dienstag,,1
2019-09-11,September,Mittwoch,,1
2019-09-12,September,Donnerstag,,1
2019-09-13,September,Freitag,,1
2019-09-14,September,Samstag,,0
2019-09-15,September,Sonntag,,0
2019-09-16,September,Montag,,1
2019-09-17,September,Dienstag,,1
2019-09-18,September,Mittwoch,,1
2019-09-19,September,Donnerstag,,1
2019-09-20,September,Freitag,,1
2019-09-21,September,Samstag,,0
2019-09-22,September,Sonntag,,0
2019-09-23,September,Montag,,1
2019-09-24,September,Dienstag,,1
2019-09-25,September,Mittwoch,,1
2019-09-26,September,Donnerstag,,1
2019-09-27,September,Freitag,,1
2019-09-28,September,Samstag,,0
2019-09-29,September,Sonntag,,0
2019-09-30,September,Montag,,1
2019-10-01,Oktober,Dienstag,,1
2019-10-02,Oktober,Mittwoch,,1
2019-10-03,Oktober,Donnerstag,Tag der Deutschen Einheit,0
2019-10-04,Oktober,Freitag,,1
2019-10-05,Oktober,Samstag,,0
2019-10-06,Oktober,Sonntag,,0
2019-10-07,Oktober,Montag,,1
2019-10-08,Oktober,Dienstag,,1
2019-10-09,Oktober,Mittwoch,,1
2019-10-10,Oktober,Donnerstag,,1
2019-10-11,Oktober,Freitag,,1
2019-10-12,Oktober,Samstag,,0
2019-10-13,Oktober,Sonntag,,0
2019-10-14,Oktober,Montag,,1
2019-10-15,Oktober,Dienstag,,1
2019-10-16,Oktober,Mittwoch,,1
2019-10-17,Oktober,Donnerstag,,1
2019-10-18,Oktober,Freitag,,1
2019-10-19,Oktober,Samstag,,0
2019-10-20,Oktober,Sonntag,,0
2019-10-21,Oktober,Montag,,1
2019-10-22,Oktober,Dienstag,,1
2019-10-23,Oktober,Mittwoch,,1
2019-10-24,Oktober,Donnerstag,,1
2019-10-25,Oktober,Freitag,,1
2019-10-26,Oktober,Samstag,,0
2019-10-27,Oktober,Sonntag,,0
2019-10-28,Oktober,Montag,,1
2019-10-29,Oktober,Dienstag,,1
2019-10-30,Oktober,Mittwoch,,1
2019-10-31,Oktober,Donnerstag,,1
2019-11-01,November,Freitag,Allerheiligen,0
2019-11-02,November,Samstag,,0
2019-11-03,November,Sonntag,,0
2019-11-04,November,Montag,,1
2019-11-05,November,Dienstag,,1
2019-11-06,November,Mittwoch,,1
2019-11-07,November,Donnerstag,,1
2019-11-08,November,Freitag,,1
2019-11-09,November,Samstag,,0
2019-11-10,November,Sonntag,,0
2019-11-11,November,Montag,,1
2019-11-12,November,Dienstag,,1
2019-11-13,November,Mittwoch,,1
2019-11-14,November,Donnerstag,,1
2019-11-15,November,Freitag,,1
2019-11-16,November,Samstag,,0
2019-11-17,November,Sonntag,,0
2019-11-18,November,Montag,,1
2019-11-19,November,Dienstag,,1
2019-11-20,November,Mittwoch,,1
2019-11-21,November,Donnerstag,,1
2019-11-22,November,Freitag,,1
2019-11-23,November,Samstag,,0
2019-11-24,November,Sonntag,,0
2019-11-25,November,Montag,,1
2019-11-26,November,Dienstag,,1
2019-11-27,November,Mittwoch,,1
2019-11-28,November,Donnerstag,,1
2019-11-29,November,Freitag,,1
2019-11-30,November,Samstag,,0
2019-12-01,Dezember,Sonntag,,0
2019-12-02,Dezember,Montag,,1
2019-12-03,Dezember,Dienstag,,1
2019-12-04,Dezember,Mittwoch,,1
2019-12-05,Dezember,Donnerstag,,1
2019-12-06,Dezember,Freitag,,1
2019-12-07,Dezember,Samstag,,0
2019-12-08,Dezember,Sonntag,,0
2019-12-09,Dezember,Montag,,1
2019-12-10,Dezember,Dienstag,,1
2019-12-11,Dezember,Mittwoch,,1
2019-12-12,Dezember,Donnerstag,,1
2019-12-13,Dezember,Freitag,,1
2019-12-14,Dezember,Samstag,,0
2019-12-15,Dezember,Sonntag,,0
2019-12-16,Dezember,Montag,,1
2019-12-17,Dezember,Dienstag,,1
2019-12-18,Dezember,Mittwoch,,1
2019-12-19,Dezember,Donnerstag,,1
2019-12-20,Dezember,Freitag,,1
2019-12-21,Dezember,Samstag,,0
2019-12-22,Dezember,Sonntag,,0
2019-12-23,Dezember,Montag,,1
2019-12-24,Dezember,Dienstag,,1
2019-12-25,Dezember,Mittwoch,Erster Weihnachtsfeiertag,0
2019-12-26,Dezember,Donnerstag,Zweiter Weihnachtsfeiertag,0
2019-12-27,Dezember,Freitag,,1
2019-12-28,Dezember,Samstag,,0
2019-12-29,Dezember,Sonntag,,0
2019-12-30,Dezember,Montag,,1
2019-12-31,Dezember,Dienstag,,1
2020-01-01,Januar,Mittwoch,Neujahr,0
2020-01-02,Januar,Donnerstag,,1
2020-01-03,Januar,Freitag,,1
2020-01-04,Januar,Samstag,,0
2020-01-05,Januar,Sonntag,,0
2020-01-06,Januar,Montag,Heilige Drei Koenige,0
2020-01-07,Januar,Dienstag,,1
2020-01-08,Januar,Mittwoch,,1
2020-01-09,Januar,Donnerstag,,1
2020-01-10,Januar,Freitag,,1
2020-01-11,Januar,Samstag,,0
2020-01-12,Januar,Sonntag,,0
2020-01-13,Januar,Montag,,1
2020-01-14,Januar,Dienstag,,1
2020-01-15,Januar,Mittwoch,,1
2020-01-16,Januar,Donnerstag,,1
2020-01-17,Januar,Freitag,,1
2020-01-18,Januar,Samstag,,0
2020-01-19,Januar,Sonntag,,0
2020-01-20,Januar,Montag,,1
2020-01-21,Januar,Dienstag,,1
2020-01-22,Januar,Mittwoch,,1
2020-01-23,Januar,Donnerstag,,1
2020-01-24,Januar,Freitag,,1
2020-01-25,Januar,Samstag,,0
2020-01-26,Januar,Sonntag,,0
2020-01-27,Januar,Montag,,1
2020-01-28,Januar,Dienstag,,1
2020-01-29,Januar,Mittwoch,,1
2020-01-30,Januar,Donnerstag,,1
2020-01-31,Januar,Freitag,,1
2020-02-01,Februar,Samstag,,0
2020-02-02,Februar,Sonntag,,0
2020-02-03,Februar,Montag,,1
2020-02-04,Februar,Dienstag,,1
2020-02-05,Februar,Mittwoch,,1
2020-02-06,Februar,Donnerstag,,1
2020-02-07,Februar,Freitag,,1
2020-02-08,Februar,Samstag,,0
2020-02-09,Februar,Sonntag,,0
2020-02-10,Februar,Montag,,1
2020-02-11,Februar,Dienstag,,1
2020-02-12,Februar,Mittwoch,,1
2020-02-13,Februar,Donnerstag,,1
2020-02-14,Februar,Freitag,,1
2020-02-15,Februar,Samstag,,0
2020-02-16,Februar,Sonntag,,0
2020-02-17,Februar,Montag,,1
2020-02-18,Februar,Dienstag,,1
2020-02-19,Februar,Mittwoch,,1
2020-02-20,Februar,Donnerstag,,1
2020-02-21,Februar,Freitag,,1
2020-02-22,Februar,Samstag,,0
2020-02-23,Februar,Sonntag,,0
2020-02-24,Februar,Montag,,1
2020-02-25,Februar,Dienstag,,1
2020-02-26,Februar,Mittwoch,,1
2020-02-27,Februar,Donnerstag,,1
2020-02-28,Februar,Freitag,,1
2020-02-29,Februar,Samstag,,0
2020-03-01,Maerz,Sonntag,,0
2020-03-02,Maerz,Montag,,1
2020-03-03,Maerz,Dienstag,,1
2020-03-04,Maerz,Mittwoch,,1
2020-03-05,Maerz,Donnerstag,,1
2020-03-06,Maerz,Freitag,,1
2020-03-07,Maerz,Samstag,,0
2020-03-08,Maerz,Sonntag,,0
2020-03-09,Maerz,Montag,,1
2020-03-10,Maerz,Dienstag,,1
2020-03-11,Maerz,Mittwoch,,1
2020-03-12,Maerz,Donnerstag,,1
2020-03-13,Maerz,Freitag,,1
2020-03-14,Maerz,Samstag,,0
2020-03-15,Maerz,Sonntag,,0
2020-03-16,Maerz,Montag,,1
2020-03-17,Maerz,Dienstag,,1
2020-03-18,Maerz,Mittwoch,,1
2020-03-19,Maerz,Donnerstag,,1
2020-03-20,Maerz,Freitag,,1
2020-03-21,Maerz,Samstag,,0
2020-03-22,Maerz,Sonntag,,0
2020-03-23,Maerz,Montag,,1
2020-03-24,Maerz,Dienstag,,1
2020-03-25,Maerz,Mittwoch,,1
2020-03-26,Maerz,Donnerstag,,1
2020-03-27,Maerz,Freitag,,1
2020-03-28,Maerz,Samstag,,0
2020-03-29,Maerz,Sonntag,,0
2020-03-30,Maerz,Montag,,1
2020-03-31,Maerz,Dienstag,,1
2020-04-01,April,Mittwoch,,1
2020-04-02,April,Donnerstag,,1
2020-04-03,April,Freitag,,1
2020-04-04,April,Samstag,,0
2020-04-05,April,Sonntag,,0
2020-04-06,April,Montag,,1
2020-04-07,April,Dienstag,,1
2020-04-08,April,Mittwoch,,1
2020-04-09,April,Donnerstag,,1
2020-04-10,April,Freitag,Karfreitag,0
2020-04-11,April,Samstag,,0
2020-04-12,April,Sonntag,,0
2020-04-13,April,Montag,Ostermontag,0
2020-04-14,April,Dienstag,,1
2020-04-15,April,Mittwoch,,1
2020-04-16,April,Donnerstag,,1
2020-04-17,April,Freitag,,1
2020-04-18,April,Samstag,,0
2020-04-19,April,Sonntag,,0
2020-04-20,April,Montag,,1
2020-04-21,April,Dienstag,,1
2020-04-22,April,Mittwoch,,1
2020-04-23,April,Donnerstag,,1
2020-04-24,April,Freitag,,1
2020-04-25,April,Samstag,,0
2020-04-26,April,Sonntag,,0
2020-04-27,April,Montag,,1
2020-04-28,April,Dienstag,,1
2020-04-29,April,Mittwoch,,1
2020-04-30,April,Donnerstag,,1
2020-05-01,Mai,Freitag,Erster Mai,0
2020-05-02,Mai,Samstag,,0
2020-05-03,Mai,Sonntag,,0
2020-05-04,Mai,Montag,,1
2020-05-05,Mai,Dienstag,,1
2020-05-06,Mai,Mittwoch,,1
2020-05-07,Mai,Donnerstag,,1
2020-05-08,Mai,Freitag,,1
2020-05-09,Mai,Samstag,,0
2020-05-10,Mai,Sonntag,,0
2020-05-11,Mai,Montag,,1
2020-05-12,Mai,Dienstag,,1
2020-05-13,Mai,Mittwoch,,1
2020-05-14,Mai,Donnerstag,,1
2020-05-15,Mai,Freitag,,1
2020-05-16,Mai,Samstag,,0
2020-05-17,Mai,Sonntag,,0
2020-05-18,Mai,Montag,,1
2020-05-19,Mai,Dienstag,,1
2020-05-20,Mai,Mittwoch,,1
2020-05-21,Mai,Donnerstag,Christi Himmelfahrt,0
2020-05-22,Mai,Freitag,,1
2020-05-23,Mai,Samstag,,0
2020-05-24,Mai,Sonntag,,0
2020-05-25,Mai,Montag,,1
2020-05-26,Mai,Dienstag,,1
2020-05-27,Mai,Mittwoch,,1
2020-05-28,Mai,Donnerstag,,1
2020-05-29,Mai,Freitag,,1
2020-05-30,Mai,Samstag,,0
2020-05-31,Mai,Sonntag,,0
2020-06-01,Juni,Montag,Pfingstmontag,0
2020-06-02,Juni,Dienstag,,1
2020-06-03,Juni,Mittwoch,,1
2020-06-04,Juni,Donnerstag,,1
2020-06-05,Juni,Freitag,,1
2020-06-06,Juni,Samstag,,0
2020-06-07,Juni,Sonntag,,0
2020-06-08,Juni,Montag,,1
2020-06-09,Juni,Dienstag,,1
2020-06-10,Juni,Mittwoch,,1
2020-06-11,Juni,Donnerstag,Fronleichnam,0
2020-06-12,Juni,Freitag,,1
2020-06-13,Juni,Samstag,,0
2020-06-14,Juni,Sonntag,,0
2020-06-15,Juni,Montag,,1
2020-06-16,Juni,Dienstag,,1
2020-06-17,Juni,Mittwoch,,1
2020-06-18,Juni,Donnerstag,,1
2020-06-19,Juni,Freitag,,1
2020-06-20,Juni,Samstag,,0
2020-06-21,Juni,Sonntag,,0
2020-06-22,Juni,Montag,,1
2020-06-23,Juni,Dienstag,,1
2020-06-24,Juni,Mittwoch,,1
2020-06-25,Juni,Donnerstag,,1
2020-06-26,Juni,Freitag,,1
2020-06-27,Juni,Samstag,,0
2020-06-28,Juni,Sonntag,,0
2020-06-29,Juni,Montag,,1
2020-06-30,Juni,Dienstag,,1
2020-07-01,Juli,Mittwoch,,1
2020-07-02,Juli,Donnerstag,,1
2020-07-03,Juli,Freitag,,1
2020-07-04,Juli,Samstag,,0
2020-07-05,Juli,Sonntag,,0
2020-07-06,Juli,Montag,,1
2020-07-07,Juli,Dienstag,,1
2020-07-08,Juli,Mittwoch,,1
2020-07-09,Juli,Donnerstag,,1
2020-07-10,Juli,Freitag,,1
2020-07-11,Juli,Samstag,,0
2020-07-12,Juli,Sonntag,,0
2020-07-13,Juli,Montag,,1
2020-07-14,Juli,Dienstag,,1
2020-07-15,Juli,Mittwoch,,1
2020-07-16,Juli,Donnerstag,,1
2020-07-17,Juli,Freitag,,1
2020-07-18,Juli,Samstag,,0
2020-07-19,Juli,Sonntag,,0
2020-07-20,Juli,Montag,,1
2020-07-21,Juli,Dienstag,,1
2020-07-22,Juli,Mittwoch,,1
2020-07-23,Juli,Donnerstag,,1
2020-07-24,Juli,Freitag,,1
2020-07-25,Juli,Samstag,,0
2020-07-26,Juli,Sonntag,,0
2020-07-27,Juli,Montag,,1
2020-07-28,Juli,Dienstag,,1
2020-07-29,Juli,Mittwoch,,1
2020-07-30,Juli,Donnerstag,,1
2020-07-31,Juli,Freitag,,1
2020-08-01,August,Samstag,,0
2020-08-02,August,Sonntag,,0
2020-08-03,August,Montag,,1
2020-08-04,August,Dienstag,,1
2020-08-05,August,Mittwoch,,1
2020-08-06,August,Donnerstag,,1
2020-08-07,August,Freitag,,1
2020-08-08,August,Samstag,,0
2020-08-09,August,Sonntag,,0
2020-08-10,August,Montag,,1
2020-08-11,August,Dienstag,,1
2020-08-12,August,Mittwoch,,1
2020-08-13,August,Donnerstag,,1
2020-08-14,August,Freitag,,1
2020-08-15,August,Samstag,,0
2020-08-16,August,Sonntag,,0
2020-08-17,August,Montag,,1
2020-08-18,August,Dienstag,,1
2020-08-19,August,Mittwoch,,1
2020-08-20,August,Donnerstag,,1
2020-08-21,August,Freitag,,1
2020-08-22,August,Samstag,,0
2020-08-23,August,Sonntag,,0
2020-08-24,August,Montag,,1
2020-08-25,August,Dienstag,,1
2020-08-26,August,Mittwoch,,1
2020-08-27,August,Donnerstag,,1
2020-08-28,August,Freitag,,1
2020-08-29,August,Samstag,,0
2020-08-30,August,Sonntag,,0
2020-08-31,August,Montag,,1
2020-09-01,September,Dienstag,,1
2020-09-02,September,Mittwoch,,1
2020-09-03,September,Donnerstag,,1
2020-09-04,September,Freitag,,1
2020-09-05,September,Samstag,,0
2020-09-06,September,Sonntag,,0
2020-09-07,September,Montag,,1
2020-09-08,September,Dienstag,,1
2020-09-09,September,Mittwoch,,1
2020-09-10,September,Donnerstag,,1
2020-09-11,September,Freitag,,1
2020-09-12,September,Samstag,,0
2020-09-13,September,Sonntag,,0
2020-09-14,September,Montag,,1
2020-09-15,September,Dienstag,,1
2020-09-16,September,Mittwoch,,1
2020-09-17,September,Donnerstag,,1
2020-09-18,September,Freitag,,1
2020-09-19,September,Samstag,,0
2020-09-20,September,Sonntag,,0
2020-09-21,September,Montag,,1
2020-09-22,September,Dienstag,,1
2020-09-23,September,Mittwoch,,1
2020-09-24,September,Donnerstag,,1
2020-09-25,September,Freitag,,1
2020-09-26,September,Samstag,,0
2020-09-27,September,Sonntag,,0
2020-09-28,September,Montag,,1
2020-09-29,September,Dienstag,,1
2020-09-30,September,Mittwoch,,1
2020-10-01,Oktober,Donnerstag,,1
2020-10-02,Oktober,Freitag,,1
2020-10-03,Oktober,Samstag,Tag der Deutschen Einheit,0
2020-10-04,Oktober,Sonntag,,0
2020-10-05,Oktober,Montag,,1
2020-10-06,Oktober,Dienstag,,1
2020-10-07,Oktober,Mittwoch,,1
2020-10-08,Oktober,Donnerstag,,1
2020-10-09,Oktober,Freitag,,1
2020-10-10,Oktober,Samstag,,0
2020-10-11,Oktober,Sonntag,,0
2020-10-12,Oktober,Montag,,1
2020-10-13,Oktober,Dienstag,,1
2020-10-14,Oktober,Mittwoch,,1
2020-10-15,Oktober,Donnerstag,,1
2020-10-16,Oktober,Freitag,,1
2020-10-17,Oktober,Samstag,,0
2020-10-18,Oktober,Sonntag,,0
2020-10-19,Oktober,Montag,,1
2020-10-20,Oktober,Dienstag,,1
2020-10-21,Oktober,Mittwoch,,1
2020-10-22,Oktober,Donnerstag,,1
2020-10-23,Oktober,Freitag,,1
2020-10-24,Oktober,Samstag,,0
2020-10-25,Oktober,Sonntag,,0
2020-10-26,Oktober,Montag,,1
2020-10-27,Oktober,Dienstag,,1
2020-10-28,Oktober,Mittwoch,,1
2020-10-29,Oktober,Donnerstag,,1
2020-10-30,Oktober,Freitag,,1
2020-10-31,Oktober,Samstag,,0
2020-11-01,November,Sonntag,Allerheiligen,0
2020-11-02,November,Montag,,1
2020-11-03,November,Dienstag,,1
2020-11-04,November,Mittwoch,,1
2020-11-05,November,Donnerstag,,1
2020-11-06,November,Freitag,,1
2020-11-07,November,Samstag,,0
2020-11-08,November,Sonntag,,0
2020-11-09,November,Montag,,1
2020-11-10,November,Dienstag,,1
2020-11-11,November,Mittwoch,,1
2020-11-12,November,Donnerstag,,1
2020-11-13,November,Freitag,,1
2020-11-14,November,Samstag,,0
2020-11-15,November,Sonntag,,0
2020-11-16,November,Montag,,1
2020-11-17,November,Dienstag,,1
2020-11-18,November,Mittwoch,,1
2020-11-19,November,Donnerstag,,1
2020-11-20,November,Freitag,,1
2020-11-21,November,Samstag,,0
2020-11-22,November,Sonntag,,0
2020-11-23,November,Montag,,1
2020-11-24,November,Dienstag,,1
2020-11-25,November,Mittwoch,,1
2020-11-26,November,Donnerstag,,1
2020-11-27,November,Freitag,,1
2020-11-28,November,Samstag,,0
2020-11-29,November,Sonntag,,0
2020-11-30,November,Montag,,1
2020-12-01,Dezember,Dienstag,,1
2020-12-02,Dezember,Mittwoch,,1
2020-12-03,Dezember,Donnerstag,,1
2020-12-04,Dezember,Freitag,,1
2020-12-05,Dezember,Samstag,,0
2020-12-06,Dezember,Sonntag,,0
2020-12-07,Dezember,Montag,,1
2020-12-08,Dezember,Dienstag,,1
2020-12-09,Dezember,Mittwoch,,1
2020-12-10,Dezember,Donnerstag,,1
2020-12-11,Dezember,Freitag,,1
2020-12-12,Dezember,Samstag,,0
2020-12-13,Dezember,Sonntag,,0
2020-12-14,Dezember,Montag,,1
2020-12-15,Dezember,Dienstag,,1
2020-12-16,Dezember,Mittwoch,,1
2020-12-17,Dezember,Donnerstag,,1
2020-12-18,Dezember,Freitag,,1
2020-12-19,Dezember,Samstag,,0
2020-12-20,Dezember,Sonntag,,0
2020-12-21,Dezember,Montag,,1
2020-12-22,Dezember,Dienstag,,1
2020-12-23,Dezember,Mittwoch,,1
2020-12-24,Dezember,Donnerstag,,1
2020-12-25,Dezember,Freitag,Erster Weihnachtsfeiertag,0
2020-12-26,Dezember,Samstag,Zweiter Weihnachtsfeiertag,0
2020-12-27,Dezember,Sonntag,,0
2020-12-28,Dezember,Montag,,1
2020-12-29,Dezember,Dienstag,,1
2020-12-30,Dezember,Mittwoch,,1
2020-12-31,Dezember,Donnerstag,,1
2021-01-01,Januar,Freitag,Neujahr,0
2021-01-02,Januar,Samstag,,0
2021-01-03,Januar,Sonntag,,0
2021-01-04,Januar,Montag,,1
2021-01-05,Januar,Dienstag,,1
2021-01-06,Januar,Mittwoch,Heilige Drei Koenige,0
2021-01-07,Januar,Donnerstag,,1
2021-01-08,Januar,Freitag,,1
2021-01-09,Januar,Samstag,,0
2021-01-10,Januar,Sonntag,,0
2021-01-11,Januar,Montag,,1
2021-01-12,Januar,Dienstag,,1
2021-01-13,Januar,Mittwoch,,1
2021-01-14,Januar,Donnerstag,,1
2021-01-15,Januar,Freitag,,1
2021-01-16,Januar,Samstag,,0
2021-01-17,Januar,Sonntag,,0
2021-01-18,Januar,Montag,,1
2021-01-19,Januar,Dienstag,,1
2021-01-20,Januar,Mittwoch,,1
2021-01-21,Januar,Donnerstag,,1
2021-01-22,Januar,Freitag,,1
2021-01-23,Januar,Samstag,,0
2021-01-24,Januar,Sonntag,,0
2021-01-25,Januar,Montag,,1
2021-01-26,Januar,Dienstag,,1
2021-01-27,Januar,Mittwoch,,1
2021-01-28,Januar,Donnerstag,,1
2021-01-29,Januar,Freitag,,1
2021-01-30,Januar,Samstag,,0
2021-01-31,Januar,Sonntag,,0
2021-02-01,Februar,Montag,,1
2021-02-02,Februar,Dienstag,,1
2021-02-03,Februar,Mittwoch,,1
2021-02-04,Februar,Donnerstag,,1
2021-02-05,Februar,Freitag,,1
2021-02-06,Februar,Samstag,,0
2021-02-07,Februar,Sonntag,,0
2021-02-08,Februar,Montag,,1
2021-02-09,Februar,Dienstag,,1
2021-02-10,Februar,Mittwoch,,1
2021-02-11,Februar,Donnerstag,,1
2021-02-12,Februar,Freitag,,1
2021-02-13,Februar,Samstag,,0
2021-02-14,Februar,Sonntag,,0
2021-02-15,Februar,Montag,,1
2021-02-16,Februar,Dienstag,,1
2021-02-17,Februar,Mittwoch,,1
2021-02-18,Februar,Donnerstag,,1
2021-02-19,Februar,Freitag,,1
2021-02-20,Februar,Samstag,,0
2021-02-21,Februar,Sonntag,,0
2021-02-22,Februar,Montag,,1
2021-02-23,Februar,Dienstag,,1
2021-02-24,Februar,Mittwoch,,1
2021-02-25,Februar,Donnerstag,,1
2021-02-26,Februar,Freitag,,1
2021-02-27,Februar,Samstag,,0
2021-02-28,Februar,Sonntag,,0
2021-03-01,Maerz,Montag,,1
2021-03-02,Maerz,Dienstag,,1
2021-03-03,Maerz,Mittwoch,,1
2021-03-04,Maerz,Donnerstag,,1
2021-03-05,Maerz,Freitag,,1
2021-03-06,Maerz,Samstag,,0
2021-03-07,Maerz,Sonntag,,0
2021-03-08,Maerz,Montag,,1
2021-03-09,Maerz,Dienstag,,1
2021-03-10,Maerz,Mittwoch,,1
2021-03-11,Maerz,Donnerstag,,1
2021-03-12,Maerz,Freitag,,1
2021-03-13,Maerz,Samstag,,0
2021-03-14,Maerz,Sonntag,,0
2021-03-15,Maerz,Montag,,1
2021-03-16,Maerz,Dienstag,,1
2021-03-17,Maerz,Mittwoch,,1
2021-03-18,Maerz,Donnerstag,,1
2021-03-19,Maerz,Freitag,,1
2021-03-20,Maerz,Samstag,,0
2021-03-21,Maerz,Sonntag,,0
2021-03-22,Maerz,Montag,,1
2021-03-23,Maerz,Dienstag,,1
2021-03-24,Maerz,Mittwoch,,1
2021-03-25,Maerz,Donnerstag,,1
2021-03-26,Maerz,Freitag,,1
2021-03-27,Maerz,Samstag,,0
2021-03-28,Maerz,Sonntag,,0
2021-03-29,Maerz,Montag,,1
2021-03-30,Maerz,Dienstag,,1
2021-03-31,Maerz,Mittwoch,,1
2021-04-01,April,Donnerstag,,1
2021-04-02,April,Freitag,Karfreitag,0
2021-04-03,April,Samstag,,0
2021-04-04,April,Sonntag,,0
2021-04-05,April,Montag,Ostermontag,0
2021-04-06,April,Dienstag,,1
2021-04-07,April,Mittwoch,,1
2021-04-08,April,Donnerstag,,1
2021-04-09,April,Freitag,,1
2021-04-10,April,Samstag,,0
2021-04-11,April,Sonntag,,0
2021-04-12,April,Montag,,1
2021-04-13,April,Dienstag,,1
2021-04-14,April,Mittwoch,,1
2021-04-15,April,Donnerstag,,1
2021-04-16,April,Freitag,,1
2021-04-17,April,Samstag,,0
2021-04-18,April,Sonntag,,0
2021-04-19,April,Montag,,1
2021-04-20,April,Dienstag,,1
2021-04-21,April,Mittwoch,,1
2021-04-22,April,Donnerstag,,1
2021-04-23,April,Freitag,,1
2021-04-24,April,Samstag,,0
2021-04-25,April,Sonntag,,0
2021-04-26,April,Montag,,1
2021-04-27,April,Dienstag,,1
2021-04-28,April,Mittwoch,,1
2021-04-29,April,Donnerstag,,1
2021-04-30,April,Freitag,,1
2021-05-01,Mai,Samstag,Erster Mai,0
2021-05-02,Mai,Sonntag,,0
2021-05-03,Mai,Montag,,1
2021-05-04,Mai,Dienstag,,1
2021-05-05,Mai,Mittwoch,,1
2021-05-06,Mai,Donnerstag,,1
2021-05-07,Mai,Freitag,,1
2021-05-08,Mai,Samstag,,0
2021-05-09,Mai,Sonntag,,0
2021-05-10,Mai,Montag,,1
2021-05-11,Mai,Dienstag,,1
2021-05-12,Mai,Mittwoch,,1
2021-05-13,Mai,Donnerstag,Christi Himmelfahrt,0
2021-05-14,Mai,Freitag,,1
2021-05-15,Mai,Samstag,,0
2021-05-16,Mai,Sonntag,,0
2021-05-17,Mai,Montag,,1
2021-05-18,Mai,Dienstag,,1
2021-05-19,Mai,Mittwoch,,1
2021-05-20,Mai,Donnerstag,,1
2021-05-21,Mai,Freitag,,1
2021-05-22,Mai,Samstag,,0
2021-05-23,Mai,Sonntag,,0
2021-05-24,Mai,Montag,Pfingstmontag,0
2021-05-25,Mai,Dienstag,,1
2021-05-26,Mai,Mittwoch,,1
2021-05-27,Mai,Donnerstag,,1
2021-05-28,Mai,Freitag,,1
2021-05-29,Mai,Samstag,,0
2021-05-30,Mai,Sonntag,,0
2021-05-31,Mai,Montag,,1
2021-06-01,Juni,Dienstag,,1
2021-06-02,Juni,Mittwoch,,1
2021-06-03,Juni,Donnerstag,Fronleichnam,0
2021-06-04,Juni,Freitag,,1
2021-06-05,Juni,Samstag,,0
2021-06-06,Juni,Sonntag,,0
2021-06-07,Juni,Montag,,1
2021-06-08,Juni,Dienstag,,1
2021-06-09,Juni,Mittwoch,,1
2021-06-10,Juni,Donnerstag,,1
2021-06-11,Juni,Freitag,,1
2021-06-12,Juni,Samstag,,0
2021-06-13,Juni,Sonntag,,0
2021-06-14,Juni,Montag,,1
2021-06-15,Juni,Dienstag,,1
2021-06-16,Juni,Mittwoch,,1
2021-06-17,Juni,Donnerstag,,1
2021-06-18,Juni,Freitag,,1
2021-06-19,Juni,Samstag,,0
2021-06-20,Juni,Sonntag,,0
2021-06-21,Juni,Montag,,1
2021-06-22,Juni,Dienstag,,1
2021-06-23,Juni,Mittwoch,,1
2021-06-24,Juni,Donnerstag,,1
2021-06-25,Juni,Freitag,,1
2021-06-26,Juni,Samstag,,0
2021-06-27,Juni,Sonntag,,0
2021-06-28,Juni,Montag,,1
2021-06-29,Juni,Dienstag,,1
2021-06-30,Juni,Mittwoch,,1
2021-07-01,Juli,Donnerstag,,1
2021-07-02,Juli,Freitag,,1
2021-07-03,Juli,Samstag,,0
2021-07-04,Juli,Sonntag,,0
2021-07-05,Juli,Montag,,1
2021-07-06,Juli,Dienstag,,1
2021-07-07,Juli,Mittwoch,,1
2021-07-08,Juli,Donnerstag,,1
2021-07-09,Juli,Freitag,,1
2021-07-10,Juli,Samstag,,0
2021-07-11,Juli,Sonntag,,0
2021-07-12,Juli,Montag,,1
2021-07-13,Juli,Dienstag,,1
2021-07-14,Juli,Mittwoch,,1
2021-07-15,Juli,Donnerstag,,1
2021-07-16,Juli,Freitag,,1
2021-07-17,Juli,Samstag,,0
2021-07-18,Juli,Sonntag,,0
2021-07-19,Juli,Montag,,1
2021-07-20,Juli,Dienstag,,1
2021-07-21,Juli,Mittwoch,,1
2021-07-22,Juli,Donnerstag,,1
2021-07-23,Juli,Freitag,,1
2021-07-24,Juli,Samstag,,0
2021-07-25,Juli,Sonntag,,0
2021-07-26,Juli,Montag,,1
2021-07-27,Juli,Dienstag,,1
2021-07-28,Juli,Mittwoch,,1
2021-07-29,Juli,Donnerstag,,1
2021-07-30,Juli,Freitag,,1
2021-07-31,Juli,Samstag,,0
2021-08-01,August,Sonntag,,0
2021-08-02,August,Montag,,1
2021-08-03,August,Dienstag,,1
2021-08-04,August,Mittwoch,,1
2021-08-05,August,Donnerstag,,1
2021-08-06,August,Freitag,,1
2021-08-07,August,Samstag,,0
2021-08-08,August,Sonntag,,0
2021-08-09,August,Montag,,1
2021-08-10,August,Dienstag,,1
2021-08-11,August,Mittwoch,,1
2021-08-12,August,Donnerstag,,1
2021-08-13,August,Freitag,,1
2021-08-14,August,Samstag,,0
2021-08-15,August,Sonntag,,0
2021-08-16,August,Montag,,1
2021-08-17,August,Dienstag,,1
2021-08-18,August,Mittwoch,,1
2021-08-19,August,Donnerstag,,1
2021-08-20,August,Freitag,,1
2021-08-21,August,Samstag,,0
2021-08-22,August,Sonntag,,0
2021-08-23,August,Montag,,1
2021-08-24,August,Dienstag,,1
2021-08-25,August,Mittwoch,,1
2021-08-26,August,Donnerstag,,1
2021-08-27,August,Freitag,,1
2021-08-28,August,Samstag,,0
2021-08-29,August,Sonntag,,0
2021-08-30,August,Montag,,1
2021-08-31,August,Dienstag,,1
2021-09-01,September,Mittwoch,,1
2021-09-02,September,Donnerstag,,1
2021-09-03,September,Freitag,,1
2021-09-04,September,Samstag,,0
2021-09-05,September,Sonntag,,0
2021-09-06,September,Montag,,1
2021-09-07,September,Dienstag,,1
2021-09-08,September,Mittwoch,,1
2021-09-09,September,Donnerstag,,1
2021-09-10,September,Freitag,,1
2021-09-11,September,Samstag,,0
2021-09-12,September,Sonntag,,0
2021-09-13,September,Montag,,1
2021-09-14,September,Dienstag,,1
2021-09-15,September,Mittwoch,,1
2021-09-16,September,Donnerstag,,1
2021-09-17,September,Freitag,,1
2021-09-18,September,Samstag,,0
2021-09-19,September,Sonntag,,0
2021-09-20,September,Montag,,1
2021-09-21,September,Dienstag,,1
2021-09-22,September,Mittwoch,,1
2021-09-23,September,Donnerstag,,1
2021-09-24,September,Freitag,,1
2021-09-25,September,Samstag,,0
2021-09-26,September,Sonntag,,0
2021-09-27,September,Montag,,1
2021-09-28,September,Dienstag,,1
2021-09-29,September,Mittwoch,,1
2021-09-30,September,Donnerstag,,1
2021-10-01,Oktober,Freitag,,1
2021-10-02,Oktober,Samstag,,0
2021-10-03,Oktober,Sonntag,Tag der Deutschen Einheit,0
2021-10-04,Oktober,Montag,,1
2021-10-05,Oktober,Dienstag,,1
2021-10-06,Oktober,Mittwoch,,1
2021-10-07,Oktober,Donnerstag,,1
2021-10-08,Oktober,Freitag,,1
2021-10-09,Oktober,Samstag,,0
2021-10-10,Oktober,Sonntag,,0
2021-10-11,Oktober,Montag,,1
2021-10-12,Oktober,Dienstag,,1
2021-10-13,Oktober,Mittwoch,,1
2021-10-14,Oktober,Donnerstag,,1
2021-10-15,Oktober,Freitag,,1
2021-10-16,Oktober,Samstag,,0
2021-10-17,Oktober,Sonntag,,0
2021-10-18,Oktober,Montag,,1
2021-10-19,Oktober,Dienstag,,1
2021-10-20,Oktober,Mittwoch,,1
2021-10-21,Oktober,Donnerstag,,1
2021-10-22,Oktober,Freitag,,1
2021-10-23,Oktober,Samstag,,0
2021-10-24,Oktober,Sonntag,,0
2021-10-25,Oktober,Montag,,1
2021-10-26,Oktober,Dienstag,,1
2021-10-27,Oktober,Mittwoch,,1
2021-10-28,Oktober,Donnerstag,,1
2021-10-29,Oktober,Freitag,,1
2021-10-30,Oktober,Samstag,,0
2021-10-31,Oktober,Sonntag,,0
2021-11-01,November,Montag,Aller Heiligen,0
2021-11-02,November,Dienstag,,1
2021-11-03,November,Mittwoch,,1
2021-11-04,November,Donnerstag,,1
2021-11-05,November,Freitag,,1
2021-11-06,November,Samstag,,0
2021-11-07,November,Sonntag,,0
2021-11-08,November,Montag,,1
2021-11-09,November,Dienstag,,1
2021-11-10,November,Mittwoch,,1
2021-11-11,November,Donnerstag,,1
2021-11-12,November,Freitag,,1
2021-11-13,November,Samstag,,0
2021-11-14,November,Sonntag,,0
2021-11-15,November,Montag,,1
2021-11-16,November,Dienstag,,1
2021-11-17,November,Mittwoch,,1
2021-11-18,November,Donnerstag,,1
2021-11-19,November,Freitag,,1
2021-11-20,November,Samstag,,0
2021-11-21,November,Sonntag,,0
2021-11-22,November,Montag,,1
2021-11-23,November,Dienstag,,1
2021-11-24,November,Mittwoch,,1
2021-11-25,November,Donnerstag,,1
2021-11-26,November,Freitag,,1
2021-11-27,November,Samstag,,0
2021-11-28,November,Sonntag,,0
2021-11-29,November,Montag,,1
2021-11-30,November,Dienstag,,1
2021-12-01,Dezember,Mittwoch,,1
2021-12-02,Dezember,Donnerstag,,1
2021-12-03,Dezember,Freitag,,1
2021-12-04,Dezember,Samstag,,0
2021-12-05,Dezember,Sonntag,,0
2021-12-06,Dezember,Montag,,1
2021-12-07,Dezember,Dienstag,,1
2021-12-08,Dezember,Mittwoch,,1
2021-12-09,Dezember,Donnerstag,,1
2021-12-10,Dezember,Freitag,,1
2021-12-11,Dezember,Samstag,,0
2021-12-12,Dezember,Sonntag,,0
2021-12-13,Dezember,Montag,,1
2021-12-14,Dezember,Dienstag,,1
2021-12-15,Dezember,Mittwoch,,1
2021-12-16,Dezember,Donnerstag,,1
2021-12-17,Dezember,Freitag,,1
2021-12-18,Dezember,Samstag,,0
2021-12-19,Dezember,Sonntag,,0
2021-12-20,Dezember,Montag,,1
2021-12-21,Dezember,Dienstag,,1
2021-12-22,Dezember,Mittwoch,,1
2021-12-23,Dezember,Donnerstag,,1
2021-12-24,Dezember,Freitag,,1
2021-12-25,Dezember,Samstag,Erster Weihnachtsfeiertag,0
2021-12-26,Dezember,Sonntag,Zweiter Weihnachtsfeiertag,0
2021-12-27,Dezember,Montag,,1
2021-12-28,Dezember,Dienstag,,1
2021-12-29,Dezember,Mittwoch,,1
2021-12-30,Dezember,Donnerstag,,1
2021-12-31,Dezember,Freitag,,1
