datum,verbrauch,monat,wochentag,feiertag,arbeitstag
2015-01-01,126197,Januar,Donnerstag,Neujahr,0
2015-01-02,147085,Januar,Freitag,,1
2015-01-03,141426,Januar,Samstag,,0
2015-01-04,132446,Januar,Sonntag,,0
2015-01-05,152611,Januar,Montag,,1
2015-01-06,140474,Januar,Dienstag,Heilige Drei Koenige,0
2015-01-07,184936,Januar,Mittwoch,,1
2015-01-08,190395,Januar,Donnerstag,,1
2015-01-09,186902,Januar,Freitag,,1
2015-01-10,150311,Januar,Samstag,,0
2015-01-11,140494,Januar,Sonntag,,0
2015-01-12,194573,Januar,Montag,,1
2015-01-13,196391,Januar,Dienstag,,1
2015-01-14,198853,Januar,Mittwoch,,1
2015-01-15,198241,Januar,Donnerstag,,1
2015-01-16,194680,Januar,Freitag,,1
2015-01-17,161724,Januar,Samstag,,0
2015-01-18,143315,Januar,Sonntag,,0
2015-01-19,200367,Januar,Montag,,1
2015-01-20,205528,Januar,Dienstag,,1
2015-01-21,208345,Januar,Mittwoch,,1
2015-01-22,206560,Januar,Donnerstag,,1
2015-01-23,203941,Januar,Freitag,,1
2015-01-24,165210,Januar,Samstag,,0
2015-01-25,147031,Januar,Sonntag,,0
2015-01-26,203719,Januar,Montag,,1
2015-01-27,206391,Januar,Dienstag,,1
2015-01-28,205776,Januar,Mittwoch,,1
2015-01-29,202524,Januar,Donnerstag,,1
2015-01-30,199673,Januar,Freitag,,1
2015-01-31,161846,Januar,Samstag,,0
2015-02-01,146048,Februar,Sonntag,,0
2015-02-02,201114,Februar,Montag,,1
2015-02-03,206732,Februar,Dienstag,,1
2015-02-04,210222,Februar,Mittwoch,,1
2015-02-05,208601,Februar,Donnerstag,,1
2015-02-06,206607,Februar,Freitag,,1
2015-02-07,168175,Februar,Samstag,,0
2015-02-08,150782,Februar,Sonntag,,0
2015-02-09,204605,Februar,Montag,,1
2015-02-10,206257,Februar,Dienstag,,1
2015-02-11,205914,Februar,Mittwoch,,1
2015-02-12,202478,Februar,Donnerstag,,1
2015-02-13,197657,Februar,Freitag,,1
2015-02-14,158154,Februar,Samstag,,0
2015-02-15,143733,Februar,Sonntag,,0
2015-02-16,190642,Februar,Montag,,1
2015-02-17,198623,Februar,Dienstag,,1
2015-02-18,204060,Februar,Mittwoch,,1
2015-02-19,200654,Februar,Donnerstag,,1
2015-02-20,193769,Februar,Freitag,,1
2015-02-21,157162,Februar,Samstag,,0
2015-02-22,141683,Februar,Sonntag,,0
2015-02-23,197856,Februar,Montag,,1
2015-02-24,199651,Februar,Dienstag,,1
2015-02-25,198812,Februar,Mittwoch,,1
2015-02-26,197240,Februar,Donnerstag,,1
2015-02-27,195773,Februar,Freitag,,1
2015-02-28,157049,Februar,Samstag,,0
2015-03-01,138501,Maerz,Sonntag,,0
2015-03-02,193448,Maerz,Montag,,1
2015-03-03,197452,Maerz,Dienstag,,1
2015-03-04,197791,Maerz,Mittwoch,,1
2015-03-05,197014,Maerz,Donnerstag,,1
2015-03-06,191946,Maerz,Freitag,,1
2015-03-07,155187,Maerz,Samstag,,0
2015-03-08,134679,Maerz,Sonntag,,0
2015-03-09,185888,Maerz,Montag,,1
2015-03-10,192527,Maerz,Dienstag,,1
2015-03-11,191323,Maerz,Mittwoch,,1
2015-03-12,191798,Maerz,Donnerstag,,1
2015-03-13,189559,Maerz,Freitag,,1
2015-03-14,153521,Maerz,Samstag,,0
2015-03-15,134898,Maerz,Sonntag,,0
2015-03-16,186802,Maerz,Montag,,1
2015-03-17,190014,Maerz,Dienstag,,1
2015-03-18,187877,Maerz,Mittwoch,,1
2015-03-19,184549,Maerz,Donnerstag,,1
2015-03-20,183316,Maerz,Freitag,,1
2015-03-21,149518,Maerz,Samstag,,0
2015-03-22,132688,Maerz,Sonntag,,0
2015-03-23,188300,Maerz,Montag,,1
2015-03-24,191770,Maerz,Dienstag,,1
2015-03-25,190370,Maerz,Mittwoch,,1
2015-03-26,192763,Maerz,Donnerstag,,1
2015-03-27,188168,Maerz,Freitag,,1
2015-03-28,148211,Maerz,Samstag,,0
2015-03-29,124619,Maerz,Sonntag,,0
2015-03-30,187126,Maerz,Montag,,1
2015-03-31,186406,Maerz,Dienstag,,1
2015-04-01,190296,April,Mittwoch,,1
2015-04-02,187682,April,Donnerstag,,1
2015-04-03,135766,April,Freitag,Karfreitag,0
2015-04-04,135151,April,Samstag,,0
2015-04-05,120771,April,Sonntag,,0
2015-04-06,123755,April,Montag,Ostermontag,0
2015-04-07,178392,April,Dienstag,,1
2015-04-08,182512,April,Mittwoch,,1
2015-04-09,181302,April,Donnerstag,,1
2015-04-10,176063,April,Freitag,,1
2015-04-11,140732,April,Samstag,,0
2015-04-12,121770,April,Sonntag,,0
2015-04-13,178655,April,Montag,,1
2015-04-14,184381,April,Dienstag,,1
2015-04-15,184585,April,Mittwoch,,1
2015-04-16,183475,April,Donnerstag,,1
2015-04-17,179709,April,Freitag,,1
2015-04-18,141501,April,Samstag,,0
2015-04-19,123998,April,Sonntag,,0
2015-04-20,178908,April,Montag,,1
2015-04-21,185114,April,Dienstag,,1
2015-04-22,181974,April,Mittwoch,,1
2015-04-23,180039,April,Donnerstag,,1
2015-04-24,179645,April,Freitag,,1
2015-04-25,142759,April,Samstag,,0
2015-04-26,123884,April,Sonntag,,0
2015-04-27,179962,April,Montag,,1
2015-04-28,186456,April,Dienstag,,1
2015-04-29,183270,April,Mittwoch,,1
2015-04-30,180196,April,Donnerstag,,1
2015-05-01,123899,Mai,Freitag,Erster Mai,0
2015-05-02,128335,Mai,Samstag,,0
2015-05-03,121561,Mai,Sonntag,,0
2015-05-04,177291,Mai,Montag,,1
2015-05-05,182274,Mai,Dienstag,,1
2015-05-06,180890,Mai,Mittwoch,,1
2015-05-07,178409,Mai,Donnerstag,,1
2015-05-08,175537,Mai,Freitag,,1
2015-05-09,137274,Mai,Samstag,,0
2015-05-10,118388,Mai,Sonntag,,0
2015-05-11,177437,Mai,Montag,,1
2015-05-12,182692,Mai,Dienstag,,1
2015-05-13,177599,Mai,Mittwoch,,1
2015-05-14,127806,Mai,Donnerstag,Christi Himmelfahrt,0
2015-05-15,149510,Mai,Freitag,,1
2015-05-16,132957,Mai,Samstag,,0
2015-05-17,116951,Mai,Sonntag,,0
2015-05-18,173898,Mai,Montag,,1
2015-05-19,179998,Mai,Dienstag,,1
2015-05-20,179886,Mai,Mittwoch,,1
2015-05-21,176260,Mai,Donnerstag,,1
2015-05-22,171947,Mai,Freitag,,1
2015-05-23,132703,Mai,Samstag,,0
2015-05-24,109188,Mai,Sonntag,,0
2015-05-25,113085,Mai,Montag,Pfingstmontag,0
2015-05-26,167309,Mai,Dienstag,,1
2015-05-27,174622,Mai,Mittwoch,,1
2015-05-28,173060,Mai,Donnerstag,,1
2015-05-29,170755,Mai,Freitag,,1
2015-05-30,136442,Mai,Samstag,,0
2015-05-31,116523,Mai,Sonntag,,0
2015-06-01,173064,Juni,Montag,,1
2015-06-02,178249,Juni,Dienstag,,1
2015-06-03,176581,Juni,Mittwoch,,1
2015-06-04,129946,Juni,Donnerstag,Fronleichnam,0
2015-06-05,155627,Juni,Freitag,,1
2015-06-06,138983,Juni,Samstag,,0
2015-06-07,121601,Juni,Sonntag,,0
2015-06-08,177774,Juni,Montag,,1
2015-06-09,180676,Juni,Dienstag,,1
2015-06-10,182509,Juni,Mittwoch,,1
2015-06-11,183689,Juni,Donnerstag,,1
2015-06-12,182420,Juni,Freitag,,1
2015-06-13,141727,Juni,Samstag,,0
2015-06-14,122858,Juni,Sonntag,,0
2015-06-15,176713,Juni,Montag,,1
2015-06-16,181619,Juni,Dienstag,,1
2015-06-17,180587,Juni,Mittwoch,,1
2015-06-18,179869,Juni,Donnerstag,,1
2015-06-19,175842,Juni,Freitag,,1
2015-06-20,138571,Juni,Samstag,,0
2015-06-21,120039,Juni,Sonntag,,0
2015-06-22,174359,Juni,Montag,,1
2015-06-23,179550,Juni,Dienstag,,1
2015-06-24,178495,Juni,Mittwoch,,1
2015-06-25,178106,Juni,Donnerstag,,1
2015-06-26,175728,Juni,Freitag,,1
2015-06-27,138717,Juni,Samstag,,0
2015-06-28,118909,Juni,Sonntag,,0
2015-06-29,177112,Juni,Montag,,1
2015-06-30,183689,Juni,Dienstag,,1
2015-07-01,184739,Juli,Mittwoch,,1
2015-07-02,189331,Juli,Donnerstag,,1
2015-07-03,187467,Juli,Freitag,,1
2015-07-04,147992,Juli,Samstag,,0
2015-07-05,131570,Juli,Sonntag,,0
2015-07-06,185744,Juli,Montag,,1
2015-07-07,192789,Juli,Dienstag,,1
2015-07-08,186651,Juli,Mittwoch,,1
2015-07-09,181851,Juli,Donnerstag,,1
2015-07-10,176994,Juli,Freitag,,1
2015-07-11,141966,Juli,Samstag,,0
2015-07-12,124069,Juli,Sonntag,,0
2015-07-13,178052,Juli,Montag,,1
2015-07-14,185358,Juli,Dienstag,,1
2015-07-15,188191,Juli,Mittwoch,,1
2015-07-16,190242,Juli,Donnerstag,,1
2015-07-17,187920,Juli,Freitag,,1
2015-07-18,144639,Juli,Samstag,,0
2015-07-19,126568,Juli,Sonntag,,0
2015-07-20,183832,Juli,Montag,,1
2015-07-21,192906,Juli,Dienstag,,1
2015-07-22,194199,Juli,Mittwoch,,1
2015-07-23,188396,Juli,Donnerstag,,1
2015-07-24,184137,Juli,Freitag,,1
2015-07-25,144530,Juli,Samstag,,0
2015-07-26,122797,Juli,Sonntag,,0
2015-07-27,175830,Juli,Montag,,1
2015-07-28,182962,Juli,Dienstag,,1
2015-07-29,180404,Juli,Mittwoch,,1
2015-07-30,177664,Juli,Donnerstag,,1
2015-07-31,172938,Juli,Freitag,,1
2015-08-01,136658,August,Samstag,,0
2015-08-02,119570,August,Sonntag,,0
2015-08-03,171632,August,Montag,,1
2015-08-04,177140,August,Dienstag,,1
2015-08-05,175276,August,Mittwoch,,1
2015-08-06,177711,August,Donnerstag,,1
2015-08-07,174470,August,Freitag,,1
2015-08-08,141594,August,Samstag,,0
2015-08-09,123306,August,Sonntag,,0
2015-08-10,168016,August,Montag,,1
2015-08-11,171157,August,Dienstag,,1
2015-08-12,173898,August,Mittwoch,,1
2015-08-13,173601,August,Donnerstag,,1
2015-08-14,168526,August,Freitag,,1
2015-08-15,131705,August,Samstag,,0
2015-08-16,114983,August,Sonntag,,0
2015-08-17,159835,August,Montag,,1
2015-08-18,163828,August,Dienstag,,1
2015-08-19,163698,August,Mittwoch,,1
2015-08-20,163211,August,Donnerstag,,1
2015-08-21,161829,August,Freitag,,1
2015-08-22,131276,August,Samstag,,0
2015-08-23,117698,August,Sonntag,,0
2015-08-24,167982,August,Montag,,1
2015-08-25,170370,August,Dienstag,,1
2015-08-26,174697,August,Mittwoch,,1
2015-08-27,175454,August,Donnerstag,,1
2015-08-28,174320,August,Freitag,,1
2015-08-29,140293,August,Samstag,,0
2015-08-30,124274,August,Sonntag,,0
2015-08-31,177897,August,Montag,,1
2015-09-01,182335,September,Dienstag,,1
2015-09-02,177067,September,Mittwoch,,1
2015-09-03,175167,September,Donnerstag,,1
2015-09-04,171518,September,Freitag,,1
2015-09-05,135455,September,Samstag,,0
2015-09-06,120813,September,Sonntag,,0
2015-09-07,172230,September,Montag,,1
2015-09-08,178903,September,Dienstag,,1
2015-09-09,178604,September,Mittwoch,,1
2015-09-10,177505,September,Donnerstag,,1
2015-09-11,174622,September,Freitag,,1
2015-09-12,140057,September,Samstag,,0
2015-09-13,122205,September,Sonntag,,0
2015-09-14,176677,September,Montag,,1
2015-09-15,182538,September,Dienstag,,1
2015-09-16,184302,September,Mittwoch,,1
2015-09-17,182978,September,Donnerstag,,1
2015-09-18,176762,September,Freitag,,1
2015-09-19,139564,September,Samstag,,0
2015-09-20,122944,September,Sonntag,,0
2015-09-21,178084,September,Montag,,1
2015-09-22,184401,September,Dienstag,,1
2015-09-23,185656,September,Mittwoch,,1
2015-09-24,183370,September,Donnerstag,,1
2015-09-25,177160,September,Freitag,,1
2015-09-26,139890,September,Samstag,,0
2015-09-27,123711,September,Sonntag,,0
2015-09-28,175671,September,Montag,,1
2015-09-29,181546,September,Dienstag,,1
2015-09-30,182183,September,Mittwoch,,1
2015-10-01,180505,Oktober,Donnerstag,,1
2015-10-02,177090,Oktober,Freitag,,1
2015-10-03,126716,Oktober,Samstag,Tag der Deutschen Einheit,0
2015-10-04,122215,Oktober,Sonntag,,0
2015-10-05,178403,Oktober,Montag,,1
2015-10-06,186538,Oktober,Dienstag,,1
2015-10-07,184810,Oktober,Mittwoch,,1
2015-10-08,182579,Oktober,Donnerstag,,1
2015-10-09,179229,Oktober,Freitag,,1
2015-10-10,144169,Oktober,Samstag,,0
2015-10-11,127624,Oktober,Sonntag,,0
2015-10-12,183504,Oktober,Montag,,1
2015-10-13,190584,Oktober,Dienstag,,1
2015-10-14,192127,Oktober,Mittwoch,,1
2015-10-15,191383,Oktober,Donnerstag,,1
2015-10-16,188929,Oktober,Freitag,,1
2015-10-17,150644,Oktober,Samstag,,0
2015-10-18,133059,Oktober,Sonntag,,0
2015-10-19,185723,Oktober,Montag,,1
2015-10-20,193467,Oktober,Dienstag,,1
2015-10-21,194788,Oktober,Mittwoch,,1
2015-10-22,192304,Oktober,Donnerstag,,1
2015-10-23,189784,Oktober,Freitag,,1
2015-10-24,149881,Oktober,Samstag,,0
2015-10-25,138090,Oktober,Sonntag,,0
2015-10-26,189547,Oktober,Montag,,1
2015-10-27,198264,Oktober,Dienstag,,1
2015-10-28,196930,Oktober,Mittwoch,,1
2015-10-29,193817,Oktober,Donnerstag,,1
2015-10-30,191307,Oktober,Freitag,,1
2015-10-31,152588,Oktober,Samstag,,0
2015-11-01,135022,November,Sonntag,Allerheiligen,0
2015-11-02,189777,November,Montag,,1
2015-11-03,197740,November,Dienstag,,1
2015-11-04,192758,November,Mittwoch,,1
2015-11-05,190929,November,Donnerstag,,1
2015-11-06,185725,November,Freitag,,1
2015-11-07,148514,November,Samstag,,0
2015-11-08,131307,November,Sonntag,,0
2015-11-09,187338,November,Montag,,1
2015-11-10,192997,November,Dienstag,,1
2015-11-11,191574,November,Mittwoch,,1
2015-11-12,191304,November,Donnerstag,,1
2015-11-13,189635,November,Freitag,,1
2015-11-14,151075,November,Samstag,,0
2015-11-15,134499,November,Sonntag,,0
2015-11-16,188515,November,Montag,,1
2015-11-17,195265,November,Dienstag,,1
2015-11-18,192454,November,Mittwoch,,1
2015-11-19,191484,November,Donnerstag,,1
2015-11-20,191877,November,Freitag,,1
2015-11-21,154389,November,Samstag,,0
2015-11-22,141290,November,Sonntag,,0
2015-11-23,196765,November,Montag,,1
2015-11-24,204946,November,Dienstag,,1
2015-11-25,204388,November,Mittwoch,,1
2015-11-26,202442,November,Donnerstag,,1
2015-11-27,199905,November,Freitag,,1
2015-11-28,164428,November,Samstag,,0
2015-11-29,146421,November,Sonntag,,0
2015-11-30,195670,November,Montag,,1
2015-12-01,201393,Dezember,Dienstag,,1
2015-12-02,199765,Dezember,Mittwoch,,1
2015-12-03,199652,Dezember,Donnerstag,,1
2015-12-04,197671,Dezember,Freitag,,1
2015-12-05,156059,Dezember,Samstag,,0
2015-12-06,139060,Dezember,Sonntag,,0
2015-12-07,193136,Dezember,Montag,,1
2015-12-08,203358,Dezember,Dienstag,,1
2015-12-09,202303,Dezember,Mittwoch,,1
2015-12-10,205728,Dezember,Donnerstag,,1
2015-12-11,196854,Dezember,Freitag,,1
2015-12-12,155050,Dezember,Samstag,,0
2015-12-13,140974,Dezember,Sonntag,,0
2015-12-14,195912,Dezember,Montag,,1
2015-12-15,199737,Dezember,Dienstag,,1
2015-12-16,198947,Dezember,Mittwoch,,1
2015-12-17,188110,Dezember,Donnerstag,,1
2015-12-18,180155,Dezember,Freitag,,1
2015-12-19,145909,Dezember,Samstag,,0
2015-12-20,131500,Dezember,Sonntag,,0
2015-12-21,169582,Dezember,Montag,,1
2015-12-22,164036,Dezember,Dienstag,,1
2015-12-23,153224,Dezember,Mittwoch,,1
2015-12-24,122319,Dezember,Donnerstag,,1
2015-12-25,108698,Dezember,Freitag,Erster Weihnachtsfeiertag,0
2015-12-26,111921,Dezember,Samstag,Zweiter Weihnachtsfeiertag,0
2015-12-27,114963,Dezember,Sonntag,,0
2015-12-28,140051,Dezember,Montag,,1
2015-12-29,144444,Dezember,Dienstag,,1
2015-12-30,142279,Dezember,Mittwoch,,1
2015-12-31,129888,Dezember,Donnerstag,,1
2016-01-01,115262,Januar,Freitag,Neujahr,0
2016-01-02,126973,Januar,Samstag,,0
2016-01-03,119069,Januar,Sonntag,,0
2016-01-04,151814,Januar,Montag,,1
2016-01-05,155627,Januar,Dienstag,,1
2016-01-06,129380,Januar,Mittwoch,Heilige Drei Koenige,0
2016-01-07,166888,Januar,Donnerstag,,1
2016-01-08,170204,Januar,Freitag,,1
2016-01-09,142917,Januar,Samstag,,0
2016-01-10,127394,Januar,Sonntag,,0
2016-01-11,183864,Januar,Montag,,1
2016-01-12,192538,Januar,Dienstag,,1
2016-01-13,198704,Januar,Mittwoch,,1
2016-01-14,197498,Januar,Donnerstag,,1
2016-01-15,197214,Januar,Freitag,,1
2016-01-16,160891,Januar,Samstag,,0
2016-01-17,146484,Januar,Sonntag,,0
2016-01-18,204102,Januar,Montag,,1
2016-01-19,212095,Januar,Dienstag,,1
2016-01-20,209692,Januar,Mittwoch,,1
2016-01-21,205945,Januar,Donnerstag,,1
2016-01-22,206188,Januar,Freitag,,1
2016-01-23,163609,Januar,Samstag,,0
2016-01-24,142203,Januar,Sonntag,,0
2016-01-25,193113,Januar,Montag,,1
2016-01-26,195376,Januar,Dienstag,,1
2016-01-27,194638,Januar,Mittwoch,,1
2016-01-28,195234,Januar,Donnerstag,,1
2016-01-29,186602,Januar,Freitag,,1
2016-01-30,152946,Januar,Samstag,,0
2016-01-31,137305,Januar,Sonntag,,0
2016-02-01,188437,Februar,Montag,,1
2016-02-02,192398,Februar,Dienstag,,1
2016-02-03,201405,Februar,Mittwoch,,1
2016-02-04,197973,Februar,Donnerstag,,1
2016-02-05,190310,Februar,Freitag,,1
2016-02-06,152436,Februar,Samstag,,0
2016-02-07,136844,Februar,Sonntag,,0
2016-02-08,181030,Februar,Montag,,1
2016-02-09,188331,Februar,Dienstag,,1
2016-02-10,196260,Februar,Mittwoch,,1
2016-02-11,195040,Februar,Donnerstag,,1
2016-02-12,190276,Februar,Freitag,,1
2016-02-13,152036,Februar,Samstag,,0
2016-02-14,134729,Februar,Sonntag,,0
2016-02-15,194338,Februar,Montag,,1
2016-02-16,201869,Februar,Dienstag,,1
2016-02-17,203088,Februar,Mittwoch,,1
2016-02-18,195458,Februar,Donnerstag,,1
2016-02-19,196714,Februar,Freitag,,1
2016-02-20,158608,Februar,Samstag,,0
2016-02-21,134497,Februar,Sonntag,,0
2016-02-22,184232,Februar,Montag,,1
2016-02-23,197372,Februar,Dienstag,,1
2016-02-24,197758,Februar,Mittwoch,,1
2016-02-25,197360,Februar,Donnerstag,,1
2016-02-26,191670,Februar,Freitag,,1
2016-02-27,153153,Februar,Samstag,,0
2016-02-28,136774,Februar,Sonntag,,0
2016-02-29,195230,Februar,Montag,,1
2016-03-01,197030,Maerz,Dienstag,,1
2016-03-02,198469,Maerz,Mittwoch,,1
2016-03-03,196923,Maerz,Donnerstag,,1
2016-03-04,193404,Maerz,Freitag,,1
2016-03-05,155553,Maerz,Samstag,,0
2016-03-06,138828,Maerz,Sonntag,,0
2016-03-07,191989,Maerz,Montag,,1
2016-03-08,200332,Maerz,Dienstag,,1
2016-03-09,201369,Maerz,Mittwoch,,1
2016-03-10,192619,Maerz,Donnerstag,,1
2016-03-11,191458,Maerz,Freitag,,1
2016-03-12,154468,Maerz,Samstag,,0
2016-03-13,136727,Maerz,Sonntag,,0
2016-03-14,189314,Maerz,Montag,,1
2016-03-15,196664,Maerz,Dienstag,,1
2016-03-16,195553,Maerz,Mittwoch,,1
2016-03-17,191223,Maerz,Donnerstag,,1
2016-03-18,187520,Maerz,Freitag,,1
2016-03-19,153965,Maerz,Samstag,,0
2016-03-20,134958,Maerz,Sonntag,,0
2016-03-21,188329,Maerz,Montag,,1
2016-03-22,191177,Maerz,Dienstag,,1
2016-03-23,193142,Maerz,Mittwoch,,1
2016-03-24,185819,Maerz,Donnerstag,,1
2016-03-25,138656,Maerz,Freitag,Karfreitag,0
2016-03-26,132978,Maerz,Samstag,,0
2016-03-27,111919,Maerz,Sonntag,,0
2016-03-28,121131,Maerz,Montag,Ostermontag,0
2016-03-29,176578,Maerz,Dienstag,,1
2016-03-30,186535,Maerz,Mittwoch,,1
2016-03-31,184436,Maerz,Donnerstag,,1
2016-04-01,183781,April,Freitag,,1
2016-04-02,146449,April,Samstag,,0
2016-04-03,125100,April,Sonntag,,0
2016-04-04,178794,April,Montag,,1
2016-04-05,184034,April,Dienstag,,1
2016-04-06,184124,April,Mittwoch,,1
2016-04-07,182804,April,Donnerstag,,1
2016-04-08,181908,April,Freitag,,1
2016-04-09,145610,April,Samstag,,0
2016-04-10,125073,April,Sonntag,,0
2016-04-11,179104,April,Montag,,1
2016-04-12,185971,April,Dienstag,,1
2016-04-13,185943,April,Mittwoch,,1
2016-04-14,183119,April,Donnerstag,,1
2016-04-15,179783,April,Freitag,,1
2016-04-16,143175,April,Samstag,,0
2016-04-17,130345,April,Sonntag,,0
2016-04-18,183223,April,Montag,,1
2016-04-19,184027,April,Dienstag,,1
2016-04-20,183893,April,Mittwoch,,1
2016-04-21,183073,April,Donnerstag,,1
2016-04-22,177270,April,Freitag,,1
2016-04-23,143307,April,Samstag,,0
2016-04-24,128183,April,Sonntag,,0
2016-04-25,182660,April,Montag,,1
2016-04-26,190906,April,Dienstag,,1
2016-04-27,189502,April,Mittwoch,,1
2016-04-28,186952,April,Donnerstag,,1
2016-04-29,181078,April,Freitag,,1
2016-04-30,142258,April,Samstag,,0
2016-05-01,117839,Mai,Sonntag,Erster Mai,0
2016-05-02,172268,Mai,Montag,,1
2016-05-03,182296,Mai,Dienstag,,1
2016-05-04,177933,Mai,Mittwoch,,1
2016-05-05,127973,Mai,Donnerstag,Christi Himmelfahrt,0
2016-05-06,148437,Mai,Freitag,,1
2016-05-07,131665,Mai,Samstag,,0
2016-05-08,116820,Mai,Sonntag,,0
2016-05-09,173816,Mai,Montag,,1
2016-05-10,179566,Mai,Dienstag,,1
2016-05-11,179919,Mai,Mittwoch,,1
2016-05-12,180884,Mai,Donnerstag,,1
2016-05-13,177660,Mai,Freitag,,1
2016-05-14,138301,Mai,Samstag,,0
2016-05-15,112640,Mai,Sonntag,,0
2016-05-16,116274,Mai,Montag,Pfingstmontag,0
2016-05-17,169793,Mai,Dienstag,,1
2016-05-18,176510,Mai,Mittwoch,,1
2016-05-19,175760,Mai,Donnerstag,,1
2016-05-20,171806,Mai,Freitag,,1
2016-05-21,135867,Mai,Samstag,,0
2016-05-22,119702,Mai,Sonntag,,0
2016-05-23,174290,Mai,Montag,,1
2016-05-24,180520,Mai,Dienstag,,1
2016-05-25,171399,Mai,Mittwoch,,1
2016-05-26,126059,Mai,Donnerstag,Fronleichnam,0
2016-05-27,146223,Mai,Freitag,,1
2016-05-28,131498,Mai,Samstag,,0
2016-05-29,119528,Mai,Sonntag,,0
2016-05-30,171973,Mai,Montag,,1
2016-05-31,178151,Mai,Dienstag,,1
2016-06-01,178620,Juni,Mittwoch,,1
2016-06-02,177373,Juni,Donnerstag,,1
2016-06-03,174461,Juni,Freitag,,1
2016-06-04,137142,Juni,Samstag,,0
2016-06-05,120150,Juni,Sonntag,,0
2016-06-06,174992,Juni,Montag,,1
2016-06-07,181926,Juni,Dienstag,,1
2016-06-08,182298,Juni,Mittwoch,,1
2016-06-09,178690,Juni,Donnerstag,,1
2016-06-10,174257,Juni,Freitag,,1
2016-06-11,137344,Juni,Samstag,,0
2016-06-12,120739,Juni,Sonntag,,0
2016-06-13,174240,Juni,Montag,,1
2016-06-14,179620,Juni,Dienstag,,1
2016-06-15,178837,Juni,Mittwoch,,1
2016-06-16,180250,Juni,Donnerstag,,1
2016-06-17,173715,Juni,Freitag,,1
2016-06-18,136503,Juni,Samstag,,0
2016-06-19,119714,Juni,Sonntag,,0
2016-06-20,171970,Juni,Montag,,1
2016-06-21,176952,Juni,Dienstag,,1
2016-06-22,181780,Juni,Mittwoch,,1
2016-06-23,185418,Juni,Donnerstag,,1
2016-06-24,181511,Juni,Freitag,,1
2016-06-25,139711,Juni,Samstag,,0
2016-06-26,119531,Juni,Sonntag,,0
2016-06-27,172734,Juni,Montag,,1
2016-06-28,179295,Juni,Dienstag,,1
2016-06-29,180676,Juni,Mittwoch,,1
2016-06-30,179923,Juni,Donnerstag,,1
2016-07-01,176716,Juli,Freitag,,1
2016-07-02,138785,Juli,Samstag,,0
2016-07-03,118944,Juli,Sonntag,,0
2016-07-04,171765,Juli,Montag,,1
2016-07-05,174534,Juli,Dienstag,,1
2016-07-06,174471,Juli,Mittwoch,,1
2016-07-07,175770,Juli,Donnerstag,,1
2016-07-08,174123,Juli,Freitag,,1
2016-07-09,137814,Juli,Samstag,,0
2016-07-10,124712,Juli,Sonntag,,0
2016-07-11,178108,Juli,Montag,,1
2016-07-12,184736,Juli,Dienstag,,1
2016-07-13,176033,Juli,Mittwoch,,1
2016-07-14,173165,Juli,Donnerstag,,1
2016-07-15,170295,Juli,Freitag,,1
2016-07-16,134482,Juli,Samstag,,0
2016-07-17,119018,Juli,Sonntag,,0
2016-07-18,178919,Juli,Montag,,1
2016-07-19,184949,Juli,Dienstag,,1
2016-07-20,187910,Juli,Mittwoch,,1
2016-07-21,184151,Juli,Donnerstag,,1
2016-07-22,181044,Juli,Freitag,,1
2016-07-23,139881,Juli,Samstag,,0
2016-07-24,123013,Juli,Sonntag,,0
2016-07-25,179850,Juli,Montag,,1
2016-07-26,185339,Juli,Dienstag,,1
2016-07-27,184665,Juli,Mittwoch,,1
2016-07-28,181321,Juli,Donnerstag,,1
2016-07-29,175739,Juli,Freitag,,1
2016-07-30,141405,Juli,Samstag,,0
2016-07-31,121893,Juli,Sonntag,,0
2016-08-01,168256,August,Montag,,1
2016-08-02,172712,August,Dienstag,,1
2016-08-03,173443,August,Mittwoch,,1
2016-08-04,172685,August,Donnerstag,,1
2016-08-05,165450,August,Freitag,,1
2016-08-06,130358,August,Samstag,,0
2016-08-07,114491,August,Sonntag,,0
2016-08-08,162193,August,Montag,,1
2016-08-09,164929,August,Dienstag,,1
2016-08-10,161367,August,Mittwoch,,1
2016-08-11,157184,August,Donnerstag,,1
2016-08-12,153765,August,Freitag,,1
2016-08-13,128693,August,Samstag,,0
2016-08-14,114501,August,Sonntag,,0
2016-08-15,159321,August,Montag,,1
2016-08-16,162820,August,Dienstag,,1
2016-08-17,163040,August,Mittwoch,,1
2016-08-18,161708,August,Donnerstag,,1
2016-08-19,159341,August,Freitag,,1
2016-08-20,129383,August,Samstag,,0
2016-08-21,109644,August,Sonntag,,0
2016-08-22,160369,August,Montag,,1
2016-08-23,168227,August,Dienstag,,1
2016-08-24,172223,August,Mittwoch,,1
2016-08-25,172249,August,Donnerstag,,1
2016-08-26,171363,August,Freitag,,1
2016-08-27,136560,August,Samstag,,0
2016-08-28,121228,August,Sonntag,,0
2016-08-29,173728,August,Montag,,1
2016-08-30,174687,August,Dienstag,,1
2016-08-31,176643,August,Mittwoch,,1
2016-09-01,176210,September,Donnerstag,,1
2016-09-02,170980,September,Freitag,,1
2016-09-03,131854,September,Samstag,,0
2016-09-04,119449,September,Sonntag,,0
2016-09-05,170018,September,Montag,,1
2016-09-06,174468,September,Dienstag,,1
2016-09-07,176817,September,Mittwoch,,1
2016-09-08,175925,September,Donnerstag,,1
2016-09-09,172098,September,Freitag,,1
2016-09-10,135611,September,Samstag,,0
2016-09-11,119266,September,Sonntag,,0
2016-09-12,175320,September,Montag,,1
2016-09-13,181737,September,Dienstag,,1
2016-09-14,182874,September,Mittwoch,,1
2016-09-15,180631,September,Donnerstag,,1
2016-09-16,174484,September,Freitag,,1
2016-09-17,135733,September,Samstag,,0
2016-09-18,123149,September,Sonntag,,0
2016-09-19,172781,September,Montag,,1
2016-09-20,177130,September,Dienstag,,1
2016-09-21,175847,September,Mittwoch,,1
2016-09-22,174173,September,Donnerstag,,1
2016-09-23,171620,September,Freitag,,1
2016-09-24,133181,September,Samstag,,0
2016-09-25,118095,September,Sonntag,,0
2016-09-26,177955,September,Montag,,1
2016-09-27,182238,September,Dienstag,,1
2016-09-28,182606,September,Mittwoch,,1
2016-09-29,182464,September,Donnerstag,,1
2016-09-30,179567,September,Freitag,,1
2016-10-01,141054,Oktober,Samstag,,0
2016-10-02,122822,Oktober,Sonntag,,0
2016-10-03,125324,Oktober,Montag,Tag der Deutschen Einheit,0
2016-10-04,180348,Oktober,Dienstag,,1
2016-10-05,189821,Oktober,Mittwoch,,1
2016-10-06,190260,Oktober,Donnerstag,,1
2016-10-07,186832,Oktober,Freitag,,1
2016-10-08,150981,Oktober,Samstag,,0
2016-10-09,133487,Oktober,Sonntag,,0
2016-10-10,188192,Oktober,Montag,,1
2016-10-11,193722,Oktober,Dienstag,,1
2016-10-12,190800,Oktober,Mittwoch,,1
2016-10-13,193528,Oktober,Donnerstag,,1
2016-10-14,191625,Oktober,Freitag,,1
2016-10-15,148876,Oktober,Samstag,,0
2016-10-16,129953,Oktober,Sonntag,,0
2016-10-17,186779,Oktober,Montag,,1
2016-10-18,191576,Oktober,Dienstag,,1
2016-10-19,194645,Oktober,Mittwoch,,1
2016-10-20,193595,Oktober,Donnerstag,,1
2016-10-21,188917,Oktober,Freitag,,1
2016-10-22,150866,Oktober,Samstag,,0
2016-10-23,136982,Oktober,Sonntag,,0
2016-10-24,190650,Oktober,Montag,,1
2016-10-25,193087,Oktober,Dienstag,,1
2016-10-26,193753,Oktober,Mittwoch,,1
2016-10-27,189399,Oktober,Donnerstag,,1
2016-10-28,189083,Oktober,Freitag,,1
2016-10-29,149568,Oktober,Samstag,,0
2016-10-30,134738,Oktober,Sonntag,,0
2016-10-31,160540,Oktober,Montag,,1
2016-11-01,137292,November,Dienstag,Allerheiligen,0
2016-11-02,199447,November,Mittwoch,,1
2016-11-03,231190,November,Donnerstag,,1
2016-11-04,191779,November,Freitag,,1
2016-11-05,157139,November,Samstag,,0
2016-11-06,140096,November,Sonntag,,0
2016-11-07,195444,November,Montag,,1
2016-11-08,205448,November,Dienstag,,1
2016-11-09,203969,November,Mittwoch,,1
2016-11-10,199972,November,Donnerstag,,1
2016-11-11,202566,November,Freitag,,1
2016-11-12,157860,November,Samstag,,0
2016-11-13,140045,November,Sonntag,,0
2016-11-14,187526,November,Montag,,1
2016-11-15,199929,November,Dienstag,,1
2016-11-16,203436,November,Mittwoch,,1
2016-11-17,197916,November,Donnerstag,,1
2016-11-18,197786,November,Freitag,,1
2016-11-19,159229,November,Samstag,,0
2016-11-20,139699,November,Sonntag,,0
2016-11-21,197590,November,Montag,,1
2016-11-22,201151,November,Dienstag,,1
2016-11-23,199838,November,Mittwoch,,1
2016-11-24,200916,November,Donnerstag,,1
2016-11-25,197517,November,Freitag,,1
2016-11-26,159017,November,Samstag,,0
2016-11-27,141398,November,Sonntag,,0
2016-11-28,198762,November,Montag,,1
2016-11-29,207604,November,Dienstag,,1
2016-11-30,209020,November,Mittwoch,,1
2016-12-01,205571,Dezember,Donnerstag,,1
2016-12-02,203514,Dezember,Freitag,,1
2016-12-03,165273,Dezember,Samstag,,0
2016-12-04,154523,Dezember,Sonntag,,0
2016-12-05,205299,Dezember,Montag,,1
2016-12-06,212411,Dezember,Dienstag,,1
2016-12-07,214143,Dezember,Mittwoch,,1
2016-12-08,209898,Dezember,Donnerstag,,1
2016-12-09,204836,Dezember,Freitag,,1
2016-12-10,163501,Dezember,Samstag,,0
2016-12-11,150417,Dezember,Sonntag,,0
2016-12-12,200005,Dezember,Montag,,1
2016-12-13,207710,Dezember,Dienstag,,1
2016-12-14,203432,Dezember,Mittwoch,,1
2016-12-15,203294,Dezember,Donnerstag,,1
2016-12-16,198552,Dezember,Freitag,,1
2016-12-17,164332,Dezember,Samstag,,0
2016-12-18,149118,Dezember,Sonntag,,0
2016-12-19,197223,Dezember,Montag,,1
2016-12-20,201807,Dezember,Dienstag,,1
2016-12-21,197325,Dezember,Mittwoch,,1
2016-12-22,186393,Dezember,Donnerstag,,1
2016-12-23,167059,Dezember,Freitag,,1
2016-12-24,134957,Dezember,Samstag,,0
2016-12-25,122211,Dezember,Sonntag,Erster Weihnachtsfeiertag,0
2016-12-26,122559,Dezember,Montag,Zweiter Weihnachtsfeiertag,0
2016-12-27,148923,Dezember,Dienstag,,1
2016-12-28,150077,Dezember,Mittwoch,,1
2016-12-29,152737,Dezember,Donnerstag,,1
2016-12-30,153727,Dezember,Freitag,,1
2016-12-31,143726,Dezember,Samstag,,0
2017-01-01,131718,Januar,Sonntag,Neujahr,0
2017-01-02,173860,Januar,Montag,,1
2017-01-03,181001,Januar,Dienstag,,1
2017-01-04,185968,Januar,Mittwoch,,1
2017-01-05,182875,Januar,Donnerstag,,1
2017-01-06,155082,Januar,Freitag,Heilige Drei Koenige,0
2017-01-07,163791,Januar,Samstag,,0
2017-01-08,152883,Januar,Sonntag,,0
2017-01-09,202521,Januar,Montag,,1
2017-01-10,210340,Januar,Dienstag,,1
2017-01-11,213278,Januar,Mittwoch,,1
2017-01-12,206764,Januar,Donnerstag,,1
2017-01-13,206362,Januar,Freitag,,1
2017-01-14,169381,Januar,Samstag,,0
2017-01-15,154453,Januar,Sonntag,,0
2017-01-16,209641,Januar,Montag,,1
2017-01-17,215636,Januar,Dienstag,,1
2017-01-18,216942,Januar,Mittwoch,,1
2017-01-19,218042,Januar,Donnerstag,,1
2017-01-20,218170,Januar,Freitag,,1
2017-01-21,187921,Januar,Samstag,,0
2017-01-22,174193,Januar,Sonntag,,0
2017-01-23,226423,Januar,Montag,,1
2017-01-24,227529,Januar,Dienstag,,1
2017-01-25,225935,Januar,Mittwoch,,1
2017-01-26,219114,Januar,Donnerstag,,1
2017-01-27,213164,Januar,Freitag,,1
2017-01-28,173284,Januar,Samstag,,0
2017-01-29,153429,Januar,Sonntag,,0
2017-01-30,207452,Januar,Montag,,1
2017-01-31,205728,Januar,Dienstag,,1
2017-02-01,205019,Februar,Mittwoch,,1
2017-02-02,199640,Februar,Donnerstag,,1
2017-02-03,195372,Februar,Freitag,,1
2017-02-04,161277,Februar,Samstag,,0
2017-02-05,143488,Februar,Sonntag,,0
2017-02-06,194967,Februar,Montag,,1
2017-02-07,201169,Februar,Dienstag,,1
2017-02-08,202858,Februar,Mittwoch,,1
2017-02-09,208537,Februar,Donnerstag,,1
2017-02-10,202439,Februar,Freitag,,1
2017-02-11,163472,Februar,Samstag,,0
2017-02-12,147495,Februar,Sonntag,,0
2017-02-13,204195,Februar,Montag,,1
2017-02-14,202589,Februar,Dienstag,,1
2017-02-15,201514,Februar,Mittwoch,,1
2017-02-16,196320,Februar,Donnerstag,,1
2017-02-17,195131,Februar,Freitag,,1
2017-02-18,157213,Februar,Samstag,,0
2017-02-19,141244,Februar,Sonntag,,0
2017-02-20,195180,Februar,Montag,,1
2017-02-21,199243,Februar,Dienstag,,1
2017-02-22,198775,Februar,Mittwoch,,1
2017-02-23,191973,Februar,Donnerstag,,1
2017-02-24,191055,Februar,Freitag,,1
2017-02-25,152225,Februar,Samstag,,0
2017-02-26,133853,Februar,Sonntag,,0
2017-02-27,176220,Februar,Montag,,1
2017-02-28,188826,Februar,Dienstag,,1
2017-03-01,193729,Maerz,Mittwoch,,1
2017-03-02,188555,Maerz,Donnerstag,,1
2017-03-03,187023,Maerz,Freitag,,1
2017-03-04,149050,Maerz,Samstag,,0
2017-03-05,132983,Maerz,Sonntag,,0
2017-03-06,188716,Maerz,Montag,,1
2017-03-07,196302,Maerz,Dienstag,,1
2017-03-08,196315,Maerz,Mittwoch,,1
2017-03-09,192137,Maerz,Donnerstag,,1
2017-03-10,184332,Maerz,Freitag,,1
2017-03-11,148066,Maerz,Samstag,,0
2017-03-12,129110,Maerz,Sonntag,,0
2017-03-13,181454,Maerz,Montag,,1
2017-03-14,184431,Maerz,Dienstag,,1
2017-03-15,185736,Maerz,Mittwoch,,1
2017-03-16,183801,Maerz,Donnerstag,,1
2017-03-17,179281,Maerz,Freitag,,1
2017-03-18,148686,Maerz,Samstag,,0
2017-03-19,128107,Maerz,Sonntag,,0
2017-03-20,179373,Maerz,Montag,,1
2017-03-21,186583,Maerz,Dienstag,,1
2017-03-22,190817,Maerz,Mittwoch,,1
2017-03-23,184512,Maerz,Donnerstag,,1
2017-03-24,187209,Maerz,Freitag,,1
2017-03-25,144227,Maerz,Samstag,,0
2017-03-26,121413,Maerz,Sonntag,,0
2017-03-27,179595,Maerz,Montag,,1
2017-03-28,183974,Maerz,Dienstag,,1
2017-03-29,183262,Maerz,Mittwoch,,1
2017-03-30,179217,Maerz,Donnerstag,,1
2017-03-31,177681,Maerz,Freitag,,1
2017-04-01,139448,April,Samstag,,0
2017-04-02,121515,April,Sonntag,,0
2017-04-03,177048,April,Montag,,1
2017-04-04,183855,April,Dienstag,,1
2017-04-05,184082,April,Mittwoch,,1
2017-04-06,182456,April,Donnerstag,,1
2017-04-07,176184,April,Freitag,,1
2017-04-08,136181,April,Samstag,,0
2017-04-09,118134,April,Sonntag,,0
2017-04-10,173576,April,Montag,,1
2017-04-11,176309,April,Dienstag,,1
2017-04-12,178172,April,Mittwoch,,1
2017-04-13,172419,April,Donnerstag,,1
2017-04-14,124092,April,Freitag,Karfreitag,0
2017-04-15,124654,April,Samstag,,0
2017-04-16,111217,April,Sonntag,,0
2017-04-17,115314,April,Montag,Ostermontag,0
2017-04-18,173479,April,Dienstag,,1
2017-04-19,183850,April,Mittwoch,,1
2017-04-20,180015,April,Donnerstag,,1
2017-04-21,178358,April,Freitag,,1
2017-04-22,146883,April,Samstag,,0
2017-04-23,124221,April,Sonntag,,0
2017-04-24,179671,April,Montag,,1
2017-04-25,188833,April,Dienstag,,1
2017-04-26,191052,April,Mittwoch,,1
2017-04-27,188807,April,Donnerstag,,1
2017-04-28,181766,April,Freitag,,1
2017-04-29,140919,April,Samstag,,0
2017-04-30,121781,April,Sonntag,,0
2017-05-01,124211,Mai,Montag,Erster Mai,0
2017-05-02,178147,Mai,Dienstag,,1
2017-05-03,183536,Mai,Mittwoch,,1
2017-05-04,185255,Mai,Donnerstag,,1
2017-05-05,178576,Mai,Freitag,,1
2017-05-06,142677,Mai,Samstag,,0
2017-05-07,125408,Mai,Sonntag,,0
2017-05-08,184308,Mai,Montag,,1
2017-05-09,183206,Mai,Dienstag,,1
2017-05-10,180674,Mai,Mittwoch,,1
2017-05-11,181006,Mai,Donnerstag,,1
2017-05-12,176178,Mai,Freitag,,1
2017-05-13,139496,Mai,Samstag,,0
2017-05-14,119304,Mai,Sonntag,,0
2017-05-15,172654,Mai,Montag,,1
2017-05-16,177276,Mai,Dienstag,,1
2017-05-17,180331,Mai,Mittwoch,,1
2017-05-18,180034,Mai,Donnerstag,,1
2017-05-19,178116,Mai,Freitag,,1
2017-05-20,137152,Mai,Samstag,,0
2017-05-21,116388,Mai,Sonntag,,0
2017-05-22,173419,Mai,Montag,,1
2017-05-23,180338,Mai,Dienstag,,1
2017-05-24,174652,Mai,Mittwoch,,1
2017-05-25,125214,Mai,Donnerstag,Christi Himmelfahrt,0
2017-05-26,147426,Mai,Freitag,,1
2017-05-27,133787,Mai,Samstag,,0
2017-05-28,121612,Mai,Sonntag,,0
2017-05-29,181527,Mai,Montag,,1
2017-05-30,186469,Mai,Dienstag,,1
2017-05-31,182413,Mai,Mittwoch,,1
2017-06-01,179846,Juni,Donnerstag,,1
2017-06-02,177959,Juni,Freitag,,1
2017-06-03,136481,Juni,Samstag,,0
2017-06-04,107596,Juni,Sonntag,,0
2017-06-05,108357,Juni,Montag,Pfingstmontag,0
2017-06-06,165299,Juni,Dienstag,,1
2017-06-07,171730,Juni,Mittwoch,,1
2017-06-08,170080,Juni,Donnerstag,,1
2017-06-09,169933,Juni,Freitag,,1
2017-06-10,131141,Juni,Samstag,,0
2017-06-11,115807,Juni,Sonntag,,0
2017-06-12,172737,Juni,Montag,,1
2017-06-13,175715,Juni,Dienstag,,1
2017-06-14,171802,Juni,Mittwoch,,1
2017-06-15,131210,Juni,Donnerstag,Fronleichnam,0
2017-06-16,150851,Juni,Freitag,,1
2017-06-17,130999,Juni,Samstag,,0
2017-06-18,118642,Juni,Sonntag,,0
2017-06-19,178722,Juni,Montag,,1
2017-06-20,188782,Juni,Dienstag,,1
2017-06-21,189658,Juni,Mittwoch,,1
2017-06-22,189408,Juni,Donnerstag,,1
2017-06-23,185396,Juni,Freitag,,1
2017-06-24,143426,Juni,Samstag,,0
2017-06-25,123476,Juni,Sonntag,,0
2017-06-26,180167,Juni,Montag,,1
2017-06-27,188440,Juni,Dienstag,,1
2017-06-28,185117,Juni,Mittwoch,,1
2017-06-29,177757,Juni,Donnerstag,,1
2017-06-30,174025,Juni,Freitag,,1
2017-07-01,135861,Juli,Samstag,,0
2017-07-02,119352,Juli,Sonntag,,0
2017-07-03,173405,Juli,Montag,,1
2017-07-04,180578,Juli,Dienstag,,1
2017-07-05,183484,Juli,Mittwoch,,1
2017-07-06,185245,Juli,Donnerstag,,1
2017-07-07,185279,Juli,Freitag,,1
2017-07-08,145832,Juli,Samstag,,0
2017-07-09,125408,Juli,Sonntag,,0
2017-07-10,179620,Juli,Montag,,1
2017-07-11,181255,Juli,Dienstag,,1
2017-07-12,183170,Juli,Mittwoch,,1
2017-07-13,178086,Juli,Donnerstag,,1
2017-07-14,176829,Juli,Freitag,,1
2017-07-15,137263,Juli,Samstag,,0
2017-07-16,119058,Juli,Sonntag,,0
2017-07-17,177597,Juli,Montag,,1
2017-07-18,186408,Juli,Dienstag,,1
2017-07-19,189069,Juli,Mittwoch,,1
2017-07-20,184884,Juli,Donnerstag,,1
2017-07-21,180141,Juli,Freitag,,1
2017-07-22,141744,Juli,Samstag,,0
2017-07-23,122287,Juli,Sonntag,,0
2017-07-24,175279,Juli,Montag,,1
2017-07-25,180266,Juli,Dienstag,,1
2017-07-26,179437,Juli,Mittwoch,,1
2017-07-27,176199,Juli,Donnerstag,,1
2017-07-28,169360,Juli,Freitag,,1
2017-07-29,133733,Juli,Samstag,,0
2017-07-30,119830,Juli,Sonntag,,0
2017-07-31,171195,Juli,Montag,,1
2017-08-01,178566,August,Dienstag,,1
2017-08-02,175419,August,Mittwoch,,1
2017-08-03,177878,August,Donnerstag,,1
2017-08-04,170314,August,Freitag,,1
2017-08-05,134370,August,Samstag,,0
2017-08-06,112404,August,Sonntag,,0
2017-08-07,160367,August,Montag,,1
2017-08-08,167388,August,Dienstag,,1
2017-08-09,165844,August,Mittwoch,,1
2017-08-10,165738,August,Donnerstag,,1
2017-08-11,160837,August,Freitag,,1
2017-08-12,127236,August,Samstag,,0
2017-08-13,111734,August,Sonntag,,0
2017-08-14,157940,August,Montag,,1
2017-08-15,166110,August,Dienstag,,1
2017-08-16,164154,August,Mittwoch,,1
2017-08-17,165438,August,Donnerstag,,1
2017-08-18,163159,August,Freitag,,1
2017-08-19,128149,August,Samstag,,0
2017-08-20,112374,August,Sonntag,,0
2017-08-21,160409,August,Montag,,1
2017-08-22,167963,August,Dienstag,,1
2017-08-23,170226,August,Mittwoch,,1
2017-08-24,170958,August,Donnerstag,,1
2017-08-25,169438,August,Freitag,,1
2017-08-26,136123,August,Samstag,,0
2017-08-27,119614,August,Sonntag,,0
2017-08-28,173023,August,Montag,,1
2017-08-29,179370,August,Dienstag,,1
2017-08-30,181898,August,Mittwoch,,1
2017-08-31,177814,August,Donnerstag,,1
2017-09-01,166165,September,Freitag,,1
2017-09-02,128102,September,Samstag,,0
2017-09-03,112472,September,Sonntag,,0
2017-09-04,165278,September,Montag,,1
2017-09-05,171769,September,Dienstag,,1
2017-09-06,173187,September,Mittwoch,,1
2017-09-07,173101,September,Donnerstag,,1
2017-09-08,170220,September,Freitag,,1
2017-09-09,137238,September,Samstag,,0
2017-09-10,117032,September,Sonntag,,0
2017-09-11,171496,September,Montag,,1
2017-09-12,177444,September,Dienstag,,1
2017-09-13,183385,September,Mittwoch,,1
2017-09-14,181018,September,Donnerstag,,1
2017-09-15,172984,September,Freitag,,1
2017-09-16,137033,September,Samstag,,0
2017-09-17,119547,September,Sonntag,,0
2017-09-18,174470,September,Montag,,1
2017-09-19,181130,September,Dienstag,,1
2017-09-20,179659,September,Mittwoch,,1
2017-09-21,175968,September,Donnerstag,,1
2017-09-22,174250,September,Freitag,,1
2017-09-23,138032,September,Samstag,,0
2017-09-24,121802,September,Sonntag,,0
2017-09-25,173904,September,Montag,,1
2017-09-26,180007,September,Dienstag,,1
2017-09-27,181173,September,Mittwoch,,1
2017-09-28,180621,September,Donnerstag,,1
2017-09-29,181344,September,Freitag,,1
2017-09-30,145076,September,Samstag,,0
2017-10-01,122845,Oktober,Sonntag,,0
2017-10-02,158101,Oktober,Montag,,1
2017-10-03,132906,Oktober,Dienstag,Tag der Deutschen Einheit,0
2017-10-04,179579,Oktober,Mittwoch,,1
2017-10-05,181230,Oktober,Donnerstag,,1
2017-10-06,182371,Oktober,Freitag,,1
2017-10-07,144665,Oktober,Samstag,,0
2017-10-08,128546,Oktober,Sonntag,,0
2017-10-09,185718,Oktober,Montag,,1
2017-10-10,194812,Oktober,Dienstag,,1
2017-10-11,191720,Oktober,Mittwoch,,1
2017-10-12,190567,Oktober,Donnerstag,,1
2017-10-13,186077,Oktober,Freitag,,1
2017-10-14,148731,Oktober,Samstag,,0
2017-10-15,128135,Oktober,Sonntag,,0
2017-10-16,187253,Oktober,Montag,,1
2017-10-17,191928,Oktober,Dienstag,,1
2017-10-18,191827,Oktober,Mittwoch,,1
2017-10-19,191330,Oktober,Donnerstag,,1
2017-10-20,190763,Oktober,Freitag,,1
2017-10-21,151967,Oktober,Samstag,,0
2017-10-22,133788,Oktober,Sonntag,,0
2017-10-23,193880,Oktober,Montag,,1
2017-10-24,196219,Oktober,Dienstag,,1
2017-10-25,196362,Oktober,Mittwoch,,1
2017-10-26,195431,Oktober,Donnerstag,,1
2017-10-27,192726,Oktober,Freitag,,1
2017-10-28,155087,Oktober,Samstag,,0
2017-10-29,143127,Oktober,Sonntag,,0
2017-10-30,164823,Oktober,Montag,,1
2017-10-31,139898,Oktober,Dienstag,Reformationstag,0
2017-11-01,138189,November,Mittwoch,Allerheiligen,0
2017-11-02,184883,November,Donnerstag,,1
2017-11-03,188332,November,Freitag,,1
2017-11-04,154509,November,Samstag,,0
2017-11-05,138368,November,Sonntag,,0
2017-11-06,197441,November,Montag,,1
2017-11-07,206317,November,Dienstag,,1
2017-11-08,206907,November,Mittwoch,,1
2017-11-09,204962,November,Donnerstag,,1
2017-11-10,202148,November,Freitag,,1
2017-11-11,163666,November,Samstag,,0
2017-11-12,147656,November,Sonntag,,0
2017-11-13,205325,November,Montag,,1
2017-11-14,209566,November,Dienstag,,1
2017-11-15,208074,November,Mittwoch,,1
2017-11-16,210764,November,Donnerstag,,1
2017-11-17,207029,November,Freitag,,1
2017-11-18,170141,November,Samstag,,0
2017-11-19,151785,November,Sonntag,,0
2017-11-20,207570,November,Montag,,1
2017-11-21,209947,November,Dienstag,,1
2017-11-22,209460,November,Mittwoch,,1
2017-11-23,206972,November,Donnerstag,,1
2017-11-24,201132,November,Freitag,,1
2017-11-25,167968,November,Samstag,,0
2017-11-26,151367,November,Sonntag,,0
2017-11-27,204918,November,Montag,,1
2017-11-28,207393,November,Dienstag,,1
2017-11-29,206676,November,Mittwoch,,1
2017-11-30,207719,November,Donnerstag,,1
2017-12-01,203902,Dezember,Freitag,,1
2017-12-02,169872,Dezember,Samstag,,0
2017-12-03,154358,Dezember,Sonntag,,0
2017-12-04,207280,Dezember,Montag,,1
2017-12-05,208292,Dezember,Dienstag,,1
2017-12-06,207541,Dezember,Mittwoch,,1
2017-12-07,204400,Dezember,Donnerstag,,1
2017-12-08,200726,Dezember,Freitag,,1
2017-12-09,166916,Dezember,Samstag,,0
2017-12-10,152338,Dezember,Sonntag,,0
2017-12-11,202658,Dezember,Montag,,1
2017-12-12,207809,Dezember,Dienstag,,1
2017-12-13,205420,Dezember,Mittwoch,,1
2017-12-14,203347,Dezember,Donnerstag,,1
2017-12-15,195427,Dezember,Freitag,,1
2017-12-16,161392,Dezember,Samstag,,0
2017-12-17,146689,Dezember,Sonntag,,0
2017-12-18,194808,Dezember,Montag,,1
2017-12-19,198135,Dezember,Dienstag,,1
2017-12-20,194305,Dezember,Mittwoch,,1
2017-12-21,184046,Dezember,Donnerstag,,1
2017-12-22,166301,Dezember,Freitag,,1
2017-12-23,139850,Dezember,Samstag,,0
2017-12-24,123649,Dezember,Sonntag,,0
2017-12-25,120527,Dezember,Montag,Erster Weihnachtsfeiertag,0
2017-12-26,124671,Dezember,Dienstag,Zweiter Weihnachtsfeiertag,0
2017-12-27,145704,Dezember,Mittwoch,,1
2017-12-28,150171,Dezember,Donnerstag,,1
2017-12-29,147895,Dezember,Freitag,,1
2017-12-30,134215,Dezember,Samstag,,0
2017-12-31,117836,Dezember,Sonntag,,0
2018-01-01,118195,Januar,Montag,Neujahr,0
2018-01-02,161049,Januar,Dienstag,,1
2018-01-03,173224,Januar,Mittwoch,,1
2018-01-04,174995,Januar,Donnerstag,,1
2018-01-05,171133,Januar,Freitag,,1
2018-01-06,132830,Januar,Samstag,Heilige Drei Koenige,0
2018-01-07,132819,Januar,Sonntag,,0
2018-01-08,186829,Januar,Montag,,1
2018-01-09,192389,Januar,Dienstag,,1
2018-01-10,190873,Januar,Mittwoch,,1
2018-01-11,192690,Januar,Donnerstag,,1
2018-01-12,191951,Januar,Freitag,,1
2018-01-13,157611,Januar,Samstag,,0
2018-01-14,142325,Januar,Sonntag,,0
2018-01-15,198687,Januar,Montag,,1
2018-01-16,202024,Januar,Dienstag,,1
2018-01-17,204998,Januar,Mittwoch,,1
2018-01-18,201342,Januar,Donnerstag,,1
2018-01-19,194608,Januar,Freitag,,1
2018-01-20,160868,Januar,Samstag,,0
2018-01-21,142446,Januar,Sonntag,,0
2018-01-22,195774,Januar,Montag,,1
2018-01-23,198490,Januar,Dienstag,,1
2018-01-24,192625,Januar,Mittwoch,,1
2018-01-25,192734,Januar,Donnerstag,,1
2018-01-26,190458,Januar,Freitag,,1
2018-01-27,154130,Januar,Samstag,,0
2018-01-28,136529,Januar,Sonntag,,0
2018-01-29,189766,Januar,Montag,,1
2018-01-30,195425,Januar,Dienstag,,1
2018-01-31,195726,Januar,Mittwoch,,1
2018-02-01,198319,Februar,Donnerstag,,1
2018-02-02,192949,Februar,Freitag,,1
2018-02-03,157375,Februar,Samstag,,0
2018-02-04,143648,Februar,Sonntag,,0
2018-02-05,197903,Februar,Montag,,1
2018-02-06,200880,Februar,Dienstag,,1
2018-02-07,204598,Februar,Mittwoch,,1
2018-02-08,200488,Februar,Donnerstag,,1
2018-02-09,200206,Februar,Freitag,,1
2018-02-10,160797,Februar,Samstag,,0
2018-02-11,143119,Februar,Sonntag,,0
2018-02-12,191369,Februar,Montag,,1
2018-02-13,195973,Februar,Dienstag,,1
2018-02-14,200218,Februar,Mittwoch,,1
2018-02-15,200560,Februar,Donnerstag,,1
2018-02-16,192591,Februar,Freitag,,1
2018-02-17,162549,Februar,Samstag,,0
2018-02-18,147116,Februar,Sonntag,,0
2018-02-19,199291,Februar,Montag,,1
2018-02-20,205958,Februar,Dienstag,,1
2018-02-21,204991,Februar,Mittwoch,,1
2018-02-22,207700,Februar,Donnerstag,,1
2018-02-23,204049,Februar,Freitag,,1
2018-02-24,164909,Februar,Samstag,,0
2018-02-25,148406,Februar,Sonntag,,0
2018-02-26,204166,Februar,Montag,,1
2018-02-27,213427,Februar,Dienstag,,1
2018-02-28,213823,Februar,Mittwoch,,1
2018-03-01,212516,Maerz,Donnerstag,,1
2018-03-02,208625,Maerz,Freitag,,1
2018-03-03,164974,Maerz,Samstag,,0
2018-03-04,140174,Maerz,Sonntag,,0
2018-03-05,186923,Maerz,Montag,,1
2018-03-06,193768,Maerz,Dienstag,,1
2018-03-07,194291,Maerz,Mittwoch,,1
2018-03-08,190690,Maerz,Donnerstag,,1
2018-03-09,187421,Maerz,Freitag,,1
2018-03-10,147900,Maerz,Samstag,,0
2018-03-11,131514,Maerz,Sonntag,,0
2018-03-12,181404,Maerz,Montag,,1
2018-03-13,191205,Maerz,Dienstag,,1
2018-03-14,186844,Maerz,Mittwoch,,1
2018-03-15,190237,Maerz,Donnerstag,,1
2018-03-16,185740,Maerz,Freitag,,1
2018-03-17,159064,Maerz,Samstag,,0
2018-03-18,149815,Maerz,Sonntag,,0
2018-03-19,199872,Maerz,Montag,,1
2018-03-20,203440,Maerz,Dienstag,,1
2018-03-21,199257,Maerz,Mittwoch,,1
2018-03-22,198170,Maerz,Donnerstag,,1
2018-03-23,193871,Maerz,Freitag,,1
2018-03-24,152956,Maerz,Samstag,,0
2018-03-25,128291,Maerz,Sonntag,,0
2018-03-26,187185,Maerz,Montag,,1
2018-03-27,188066,Maerz,Dienstag,,1
2018-03-28,186483,Maerz,Mittwoch,,1
2018-03-29,178924,Maerz,Donnerstag,,1
2018-03-30,132760,Maerz,Freitag,Karfreitag,0
2018-03-31,131277,Maerz,Samstag,,0
2018-04-01,118972,April,Sonntag,,0
2018-04-02,118212,April,Montag,Ostermontag,0
2018-04-03,170247,April,Dienstag,,1
2018-04-04,178996,April,Mittwoch,,1
2018-04-05,181970,April,Donnerstag,,1
2018-04-06,175977,April,Freitag,,1
2018-04-07,140424,April,Samstag,,0
2018-04-08,120971,April,Sonntag,,0
2018-04-09,176705,April,Montag,,1
2018-04-10,178799,April,Dienstag,,1
2018-04-11,178382,April,Mittwoch,,1
2018-04-12,177508,April,Donnerstag,,1
2018-04-13,178873,April,Freitag,,1
2018-04-14,139107,April,Samstag,,0
2018-04-15,119653,April,Sonntag,,0
2018-04-16,174499,April,Montag,,1
2018-04-17,177741,April,Dienstag,,1
2018-04-18,175640,April,Mittwoch,,1
2018-04-19,175510,April,Donnerstag,,1
2018-04-20,174917,April,Freitag,,1
2018-04-21,137659,April,Samstag,,0
2018-04-22,118820,April,Sonntag,,0
2018-04-23,176552,April,Montag,,1
2018-04-24,178841,April,Dienstag,,1
2018-04-25,179389,April,Mittwoch,,1
2018-04-26,177095,April,Donnerstag,,1
2018-04-27,172812,April,Freitag,,1
2018-04-28,135262,April,Samstag,,0
2018-04-29,116419,April,Sonntag,,0
2018-04-30,148845,April,Montag,,1
2018-05-01,119018,Mai,Dienstag,Erster Mai,0
2018-05-02,168906,Mai,Mittwoch,,1
2018-05-03,176852,Mai,Donnerstag,,1
2018-05-04,173264,Mai,Freitag,,1
2018-05-05,135949,Mai,Samstag,,0
2018-05-06,118165,Mai,Sonntag,,0
2018-05-07,172476,Mai,Montag,,1
2018-05-08,177583,Mai,Dienstag,,1
2018-05-09,173428,Mai,Mittwoch,,1
2018-05-10,129273,Mai,Donnerstag,Christi Himmelfahrt,0
2018-05-11,147841,Mai,Freitag,,1
2018-05-12,130672,Mai,Samstag,,0
2018-05-13,119221,Mai,Sonntag,,0
2018-05-14,175905,Mai,Montag,,1
2018-05-15,177819,Mai,Dienstag,,1
2018-05-16,180202,Mai,Mittwoch,,1
2018-05-17,178351,Mai,Donnerstag,,1
2018-05-18,170735,Mai,Freitag,,1
2018-05-19,132023,Mai,Samstag,,0
2018-05-20,110677,Mai,Sonntag,,0
2018-05-21,110895,Mai,Montag,Pfingstmontag,0
2018-05-22,163699,Mai,Dienstag,,1
2018-05-23,168934,Mai,Mittwoch,,1
2018-05-24,169923,Mai,Donnerstag,,1
2018-05-25,165134,Mai,Freitag,,1
2018-05-26,131168,Mai,Samstag,,0
2018-05-27,115430,Mai,Sonntag,,0
2018-05-28,170517,Mai,Montag,,1
2018-05-29,175327,Mai,Dienstag,,1
2018-05-30,169792,Mai,Mittwoch,,1
2018-05-31,126572,Mai,Donnerstag,Fronleichnam,0
2018-06-01,144611,Juni,Freitag,,1
2018-06-02,127865,Juni,Samstag,,0
2018-06-03,116131,Juni,Sonntag,,0
2018-06-04,173602,Juni,Montag,,1
2018-06-05,183391,Juni,Dienstag,,1
2018-06-06,185484,Juni,Mittwoch,,1
2018-06-07,180891,Juni,Donnerstag,,1
2018-06-08,179573,Juni,Freitag,,1
2018-06-09,140200,Juni,Samstag,,0
2018-06-10,122041,Juni,Sonntag,,0
2018-06-11,180427,Juni,Montag,,1
2018-06-12,183297,Juni,Dienstag,,1
2018-06-13,180048,Juni,Mittwoch,,1
2018-06-14,176026,Juni,Donnerstag,,1
2018-06-15,170357,Juni,Freitag,,1
2018-06-16,135189,Juni,Samstag,,0
2018-06-17,119392,Juni,Sonntag,,0
2018-06-18,172198,Juni,Montag,,1
2018-06-19,180049,Juni,Dienstag,,1
2018-06-20,182648,Juni,Mittwoch,,1
2018-06-21,182984,Juni,Donnerstag,,1
2018-06-22,172690,Juni,Freitag,,1
2018-06-23,135386,Juni,Samstag,,0
2018-06-24,116861,Juni,Sonntag,,0
2018-06-25,172312,Juni,Montag,,1
2018-06-26,181163,Juni,Dienstag,,1
2018-06-27,179584,Juni,Mittwoch,,1
2018-06-28,178051,Juni,Donnerstag,,1
2018-06-29,177831,Juni,Freitag,,1
2018-06-30,146701,Juni,Samstag,,0
2018-07-01,129213,Juli,Sonntag,,0
2018-07-02,180783,Juli,Montag,,1
2018-07-03,185112,Juli,Dienstag,,1
2018-07-04,183526,Juli,Mittwoch,,1
2018-07-05,183201,Juli,Donnerstag,,1
2018-07-06,179227,Juli,Freitag,,1
2018-07-07,137862,Juli,Samstag,,0
2018-07-08,119500,Juli,Sonntag,,0
2018-07-09,175378,Juli,Montag,,1
2018-07-10,179712,Juli,Dienstag,,1
2018-07-11,177878,Juli,Mittwoch,,1
2018-07-12,176321,Juli,Donnerstag,,1
2018-07-13,176369,Juli,Freitag,,1
2018-07-14,139777,Juli,Samstag,,0
2018-07-15,122918,Juli,Sonntag,,0
2018-07-16,175164,Juli,Montag,,1
2018-07-17,182768,Juli,Dienstag,,1
2018-07-18,182190,Juli,Mittwoch,,1
2018-07-19,179597,Juli,Donnerstag,,1
2018-07-20,179264,Juli,Freitag,,1
2018-07-21,140395,Juli,Samstag,,0
2018-07-22,122651,Juli,Sonntag,,0
2018-07-23,175018,Juli,Montag,,1
2018-07-24,182553,Juli,Dienstag,,1
2018-07-25,184927,Juli,Mittwoch,,1
2018-07-26,184368,Juli,Donnerstag,,1
2018-07-27,179094,Juli,Freitag,,1
2018-07-28,142529,Juli,Samstag,,0
2018-07-29,123996,Juli,Sonntag,,0
2018-07-30,177708,Juli,Montag,,1
2018-07-31,184985,Juli,Dienstag,,1
2018-08-01,184313,August,Mittwoch,,1
2018-08-02,180680,August,Donnerstag,,1
2018-08-03,177614,August,Freitag,,1
2018-08-04,144731,August,Samstag,,0
2018-08-05,127087,August,Sonntag,,0
2018-08-06,172200,August,Montag,,1
2018-08-07,180015,August,Dienstag,,1
2018-08-08,176320,August,Mittwoch,,1
2018-08-09,171896,August,Donnerstag,,1
2018-08-10,162429,August,Freitag,,1
2018-08-11,130937,August,Samstag,,0
2018-08-12,115706,August,Sonntag,,0
2018-08-13,162445,August,Montag,,1
2018-08-14,165302,August,Dienstag,,1
2018-08-15,163520,August,Mittwoch,,1
2018-08-16,163903,August,Donnerstag,,1
2018-08-17,165345,August,Freitag,,1
2018-08-18,134543,August,Samstag,,0
2018-08-19,120382,August,Sonntag,,0
2018-08-20,167523,August,Montag,,1
2018-08-21,173897,August,Dienstag,,1
2018-08-22,176594,August,Mittwoch,,1
2018-08-23,177707,August,Donnerstag,,1
2018-08-24,171022,August,Freitag,,1
2018-08-25,133229,August,Samstag,,0
2018-08-26,115058,August,Sonntag,,0
2018-08-27,166242,August,Montag,,1
2018-08-28,171532,August,Dienstag,,1
2018-08-29,174708,August,Mittwoch,,1
2018-08-30,174797,August,Donnerstag,,1
2018-08-31,172517,August,Freitag,,1
2018-09-01,131799,September,Samstag,,0
2018-09-02,118924,September,Sonntag,,0
2018-09-03,170638,September,Montag,,1
2018-09-04,174883,September,Dienstag,,1
2018-09-05,174669,September,Mittwoch,,1
2018-09-06,175595,September,Donnerstag,,1
2018-09-07,172749,September,Freitag,,1
2018-09-08,134642,September,Samstag,,0
2018-09-09,119320,September,Sonntag,,0
2018-09-10,172774,September,Montag,,1
2018-09-11,179020,September,Dienstag,,1
2018-09-12,179691,September,Mittwoch,,1
2018-09-13,177698,September,Donnerstag,,1
2018-09-14,170791,September,Freitag,,1
2018-09-15,131423,September,Samstag,,0
2018-09-16,115879,September,Sonntag,,0
2018-09-17,171463,September,Montag,,1
2018-09-18,180899,September,Dienstag,,1
2018-09-19,179269,September,Mittwoch,,1
2018-09-20,179184,September,Donnerstag,,1
2018-09-21,178435,September,Freitag,,1
2018-09-22,136657,September,Samstag,,0
2018-09-23,123970,September,Sonntag,,0
2018-09-24,171142,September,Montag,,1
2018-09-25,176665,September,Dienstag,,1
2018-09-26,179122,September,Mittwoch,,1
2018-09-27,178574,September,Donnerstag,,1
2018-09-28,175506,September,Freitag,,1
2018-09-29,137475,September,Samstag,,0
2018-09-30,122827,September,Sonntag,,0
2018-10-01,176058,Oktober,Montag,,1
2018-10-02,180127,Oktober,Dienstag,,1
2018-10-03,137701,Oktober,Mittwoch,Tag der Deutschen Einheit,0
2018-10-04,171275,Oktober,Donnerstag,,1
2018-10-05,175193,Oktober,Freitag,,1
2018-10-06,143186,Oktober,Samstag,,0
2018-10-07,125952,Oktober,Sonntag,,0
2018-10-08,178966,Oktober,Montag,,1
2018-10-09,184151,Oktober,Dienstag,,1
2018-10-10,182556,Oktober,Mittwoch,,1
2018-10-11,181939,Oktober,Donnerstag,,1
2018-10-12,177509,Oktober,Freitag,,1
2018-10-13,139796,Oktober,Samstag,,0
2018-10-14,122803,Oktober,Sonntag,,0
2018-10-15,175614,Oktober,Montag,,1
2018-10-16,181837,Oktober,Dienstag,,1
2018-10-17,182562,Oktober,Mittwoch,,1
2018-10-18,183815,Oktober,Donnerstag,,1
2018-10-19,179543,Oktober,Freitag,,1
2018-10-20,142939,Oktober,Samstag,,0
2018-10-21,126660,Oktober,Sonntag,,0
2018-10-22,179914,Oktober,Montag,,1
2018-10-23,188196,Oktober,Dienstag,,1
2018-10-24,190792,Oktober,Mittwoch,,1
2018-10-25,188160,Oktober,Donnerstag,,1
2018-10-26,184022,Oktober,Freitag,,1
2018-10-27,150742,Oktober,Samstag,,0
2018-10-28,143949,Oktober,Sonntag,,0
2018-10-29,191811,Oktober,Montag,,1
2018-10-30,200672,Oktober,Dienstag,,1
2018-10-31,188472,Oktober,Mittwoch,,1
2018-11-01,136131,November,Donnerstag,Allerheiligen,0
2018-11-02,155932,November,Freitag,,1
2018-11-03,138136,November,Samstag,,0
2018-11-04,127196,November,Sonntag,,0
2018-11-05,182625,November,Montag,,1
2018-11-06,191343,November,Dienstag,,1
2018-11-07,188149,November,Mittwoch,,1
2018-11-08,192128,November,Donnerstag,,1
2018-11-09,189685,November,Freitag,,1
2018-11-10,151057,November,Samstag,,0
2018-11-11,134342,November,Sonntag,,0
2018-11-12,187186,November,Montag,,1
2018-11-13,195280,November,Dienstag,,1
2018-11-14,196771,November,Mittwoch,,1
2018-11-15,201878,November,Donnerstag,,1
2018-11-16,197015,November,Freitag,,1
2018-11-17,158554,November,Samstag,,0
2018-11-18,143510,November,Sonntag,,0
2018-11-19,200941,November,Montag,,1
2018-11-20,204484,November,Dienstag,,1
2018-11-21,208892,November,Mittwoch,,1
2018-11-22,209358,November,Donnerstag,,1
2018-11-23,198404,November,Freitag,,1
2018-11-24,159140,November,Samstag,,0
2018-11-25,144438,November,Sonntag,,0
2018-11-26,201425,November,Montag,,1
2018-11-27,210428,November,Dienstag,,1
2018-11-28,214748,November,Mittwoch,,1
2018-11-29,213018,November,Donnerstag,,1
2018-11-30,207260,November,Freitag,,1
2018-12-01,162385,Dezember,Samstag,,0
2018-12-02,149311,Dezember,Sonntag,,0
2018-12-03,199805,Dezember,Montag,,1
2018-12-04,201451,Dezember,Dienstag,,1
2018-12-05,199020,Dezember,Mittwoch,,1
2018-12-06,196552,Dezember,Donnerstag,,1
2018-12-07,194222,Dezember,Freitag,,1
2018-12-08,162419,Dezember,Samstag,,0
2018-12-09,146493,Dezember,Sonntag,,0
2018-12-10,197660,Dezember,Montag,,1
2018-12-11,204320,Dezember,Dienstag,,1
2018-12-12,203275,Dezember,Mittwoch,,1
2018-12-13,206016,Dezember,Donnerstag,,1
2018-12-14,200783,Dezember,Freitag,,1
2018-12-15,169548,Dezember,Samstag,,0
2018-12-16,153634,Dezember,Sonntag,,0
2018-12-17,194645,Dezember,Montag,,1
2018-12-18,196350,Dezember,Dienstag,,1
2018-12-19,195779,Dezember,Mittwoch,,1
2018-12-20,183236,Dezember,Donnerstag,,1
2018-12-21,168293,Dezember,Freitag,,1
2018-12-22,139562,Dezember,Samstag,,0
2018-12-23,127697,Dezember,Sonntag,,0
2018-12-24,130757,Dezember,Montag,,1
2018-12-25,127975,Dezember,Dienstag,Erster Weihnachtsfeiertag,0
2018-12-26,129770,Dezember,Mittwoch,Zweiter Weihnachtsfeiertag,0
2018-12-27,147069,Dezember,Donnerstag,,1
2018-12-28,144261,Dezember,Freitag,,1
2018-12-29,139714,Dezember,Samstag,,0
2018-12-30,129681,Dezember,Sonntag,,0
2018-12-31,128805,Dezember,Montag,,1
2019-01-01,124915,Januar,Dienstag,Neujahr,0
2019-01-02,164019,Januar,Mittwoch,,1
2019-01-03,174042,Januar,Donnerstag,,1
2019-01-04,174016,Januar,Freitag,,1
2019-01-05,155259,Januar,Samstag,,0
2019-01-06,141466,Januar,Sonntag,Heilige Drei Koenige,0
2019-01-07,190965,Januar,Montag,,1
2019-01-08,201944,Januar,Dienstag,,1
2019-01-09,203600,Januar,Mittwoch,,1
2019-01-10,205055,Januar,Donnerstag,,1
2019-01-11,208659,Januar,Freitag,,1
2019-01-12,172606,Januar,Samstag,,0
2019-01-13,153243,Januar,Sonntag,,0
2019-01-14,200550,Januar,Montag,,1
2019-01-15,202795,Januar,Dienstag,,1
2019-01-16,196227,Januar,Mittwoch,,1
2019-01-17,201728,Januar,Donnerstag,,1
2019-01-18,197515,Januar,Freitag,,1
2019-01-19,166502,Januar,Samstag,,0
2019-01-20,150455,Januar,Sonntag,,0
2019-01-21,200704,Januar,Montag,,1
2019-01-22,208256,Januar,Dienstag,,1
2019-01-23,213993,Januar,Mittwoch,,1
2019-01-24,212465,Januar,Donnerstag,,1
2019-01-25,204381,Januar,Freitag,,1
2019-01-26,164625,Januar,Samstag,,0
2019-01-27,144861,Januar,Sonntag,,0
2019-01-28,199807,Januar,Montag,,1
2019-01-29,204137,Januar,Dienstag,,1
2019-01-30,206341,Januar,Mittwoch,,1
2019-01-31,204099,Januar,Donnerstag,,1
2019-02-01,198994,Februar,Freitag,,1
2019-02-02,157541,Februar,Samstag,,0
2019-02-03,148988,Februar,Sonntag,,0
2019-02-04,197439,Februar,Montag,,1
2019-02-05,201967,Februar,Dienstag,,1
2019-02-06,204191,Februar,Mittwoch,,1
2019-02-07,204165,Februar,Donnerstag,,1
2019-02-08,194943,Februar,Freitag,,1
2019-02-09,160009,Februar,Samstag,,0
2019-02-10,141995,Februar,Sonntag,,0
2019-02-11,198037,Februar,Montag,,1
2019-02-12,202036,Februar,Dienstag,,1
2019-02-13,199460,Februar,Mittwoch,,1
2019-02-14,195958,Februar,Donnerstag,,1
2019-02-15,190668,Februar,Freitag,,1
2019-02-16,153904,Februar,Samstag,,0
2019-02-17,136244,Februar,Sonntag,,0
2019-02-18,187392,Februar,Montag,,1
2019-02-19,194638,Februar,Dienstag,,1
2019-02-20,191925,Februar,Mittwoch,,1
2019-02-21,189754,Februar,Donnerstag,,1
2019-02-22,185775,Februar,Freitag,,1
2019-02-23,151560,Februar,Samstag,,0
2019-02-24,134578,Februar,Sonntag,,0
2019-02-25,184559,Februar,Montag,,1
2019-02-26,186599,Februar,Dienstag,,1
2019-02-27,187009,Februar,Mittwoch,,1
2019-02-28,183774,Februar,Donnerstag,,1
2019-03-01,183636,Maerz,Freitag,,1
2019-03-02,145560,Maerz,Samstag,,0
2019-03-03,132335,Maerz,Sonntag,,0
2019-03-04,181429,Maerz,Montag,,1
2019-03-05,187479,Maerz,Dienstag,,1
2019-03-06,186116,Maerz,Mittwoch,,1
2019-03-07,186836,Maerz,Donnerstag,,1
2019-03-08,185140,Maerz,Freitag,,1
2019-03-09,153534,Maerz,Samstag,,0
2019-03-10,134550,Maerz,Sonntag,,0
2019-03-11,191153,Maerz,Montag,,1
2019-03-12,190995,Maerz,Dienstag,,1
2019-03-13,195048,Maerz,Mittwoch,,1
2019-03-14,197388,Maerz,Donnerstag,,1
2019-03-15,193305,Maerz,Freitag,,1
2019-03-16,150373,Maerz,Samstag,,0
2019-03-17,139036,Maerz,Sonntag,,0
2019-03-18,190362,Maerz,Montag,,1
2019-03-19,191248,Maerz,Dienstag,,1
2019-03-20,188642,Maerz,Mittwoch,,1
2019-03-21,184526,Maerz,Donnerstag,,1
2019-03-22,180078,Maerz,Freitag,,1
2019-03-23,141867,Maerz,Samstag,,0
2019-03-24,124683,Maerz,Sonntag,,0
2019-03-25,182437,Maerz,Montag,,1
2019-03-26,188176,Maerz,Dienstag,,1
2019-03-27,186477,Maerz,Mittwoch,,1
2019-03-28,180440,Maerz,Donnerstag,,1
2019-03-29,174988,Maerz,Freitag,,1
2019-03-30,139599,Maerz,Samstag,,0
2019-03-31,119484,Maerz,Sonntag,,0
2019-04-01,175439,April,Montag,,1
2019-04-02,182838,April,Dienstag,,1
2019-04-03,187706,April,Mittwoch,,1
2019-04-04,190466,April,Donnerstag,,1
2019-04-05,184720,April,Freitag,,1
2019-04-06,143552,April,Samstag,,0
2019-04-07,127146,April,Sonntag,,0
2019-04-08,178958,April,Montag,,1
2019-04-09,186598,April,Dienstag,,1
2019-04-10,188288,April,Mittwoch,,1
2019-04-11,182856,April,Donnerstag,,1
2019-04-12,181063,April,Freitag,,1
2019-04-13,146944,April,Samstag,,0
2019-04-14,132511,April,Sonntag,,0
2019-04-15,178583,April,Montag,,1
2019-04-16,182745,April,Dienstag,,1
2019-04-17,181643,April,Mittwoch,,1
2019-04-18,172288,April,Donnerstag,,1
2019-04-19,122074,April,Freitag,Karfreitag,0
2019-04-20,120414,April,Samstag,,0
2019-04-21,105260,April,Sonntag,,0
2019-04-22,111421,April,Montag,Ostermontag,0
2019-04-23,164488,April,Dienstag,,1
2019-04-24,170454,April,Mittwoch,,1
2019-04-25,170031,April,Donnerstag,,1
2019-04-26,170050,April,Freitag,,1
2019-04-27,132784,April,Samstag,,0
2019-04-28,117837,April,Sonntag,,0
2019-04-29,169570,April,Montag,,1
2019-04-30,172894,April,Dienstag,,1
2019-05-01,119668,Mai,Mittwoch,Erster Mai,0
2019-05-02,166037,Mai,Donnerstag,,1
2019-05-03,173564,Mai,Freitag,,1
2019-05-04,141386,Mai,Samstag,,0
2019-05-05,126618,Mai,Sonntag,,0
2019-05-06,178534,Mai,Montag,,1
2019-05-07,178613,Mai,Dienstag,,1
2019-05-08,183028,Mai,Mittwoch,,1
2019-05-09,179972,Mai,Donnerstag,,1
2019-05-10,173846,Mai,Freitag,,1
2019-05-11,139148,Mai,Samstag,,0
2019-05-12,121642,Mai,Sonntag,,0
2019-05-13,171861,Mai,Montag,,1
2019-05-14,177040,Mai,Dienstag,,1
2019-05-15,176978,Mai,Mittwoch,,1
2019-05-16,176935,Mai,Donnerstag,,1
2019-05-17,172315,Mai,Freitag,,1
2019-05-18,135158,Mai,Samstag,,0
2019-05-19,119757,Mai,Sonntag,,0
2019-05-20,174192,Mai,Montag,,1
2019-05-21,184328,Mai,Dienstag,,1
2019-05-22,177515,Mai,Mittwoch,,1
2019-05-23,173196,Mai,Donnerstag,,1
2019-05-24,169861,Mai,Freitag,,1
2019-05-25,133112,Mai,Samstag,,0
2019-05-26,115999,Mai,Sonntag,,0
2019-05-27,168322,Mai,Montag,,1
2019-05-28,173986,Mai,Dienstag,,1
2019-05-29,170646,Mai,Mittwoch,,1
2019-05-30,121465,Mai,Donnerstag,Christi Himmelfahrt,0
2019-05-31,139630,Mai,Freitag,,1
2019-06-01,125436,Juni,Samstag,,0
2019-06-02,116229,Juni,Sonntag,,0
2019-06-03,174258,Juni,Montag,,1
2019-06-04,178995,Juni,Dienstag,,1
2019-06-05,181153,Juni,Mittwoch,,1
2019-06-06,177366,Juni,Donnerstag,,1
2019-06-07,168044,Juni,Freitag,,1
2019-06-08,127766,Juni,Samstag,,0
2019-06-09,109143,Juni,Sonntag,,0
2019-06-10,114485,Juni,Montag,Pfingstmontag,0
2019-06-11,161714,Juni,Dienstag,,1
2019-06-12,167243,Juni,Mittwoch,,1
2019-06-13,166824,Juni,Donnerstag,,1
2019-06-14,166756,Juni,Freitag,,1
2019-06-15,131862,Juni,Samstag,,0
2019-06-16,115691,Juni,Sonntag,,0
2019-06-17,163532,Juni,Montag,,1
2019-06-18,173302,Juni,Dienstag,,1
2019-06-19,171149,Juni,Mittwoch,,1
2019-06-20,125580,Juni,Donnerstag,Fronleichnam,0
2019-06-21,142802,Juni,Freitag,,1
2019-06-22,128913,Juni,Samstag,,0
2019-06-23,116386,Juni,Sonntag,,0
2019-06-24,174820,Juni,Montag,,1
2019-06-25,185650,Juni,Dienstag,,1
2019-06-26,188997,Juni,Mittwoch,,1
2019-06-27,187491,Juni,Donnerstag,,1
2019-06-28,177436,Juni,Freitag,,1
2019-06-29,140518,Juni,Samstag,,0
2019-06-30,128453,Juni,Sonntag,,0
2019-07-01,182916,Juli,Montag,,1
2019-07-02,182284,Juli,Dienstag,,1
2019-07-03,180077,Juli,Mittwoch,,1
2019-07-04,176985,Juli,Donnerstag,,1
2019-07-05,175379,Juli,Freitag,,1
2019-07-06,140084,Juli,Samstag,,0
2019-07-07,121316,Juli,Sonntag,,0
2019-07-08,172252,Juli,Montag,,1
2019-07-09,174059,Juli,Dienstag,,1
2019-07-10,173182,Juli,Mittwoch,,1
2019-07-11,175584,Juli,Donnerstag,,1
2019-07-12,174901,Juli,Freitag,,1
2019-07-13,132001,Juli,Samstag,,0
2019-07-14,117279,Juli,Sonntag,,0
2019-07-15,169233,Juli,Montag,,1
2019-07-16,174274,Juli,Dienstag,,1
2019-07-17,175657,Juli,Mittwoch,,1
2019-07-18,175343,Juli,Donnerstag,,1
2019-07-19,174603,Juli,Freitag,,1
2019-07-20,139869,Juli,Samstag,,0
2019-07-21,124083,Juli,Sonntag,,0
2019-07-22,177641,Juli,Montag,,1
2019-07-23,186264,Juli,Dienstag,,1
2019-07-24,191031,Juli,Mittwoch,,1
2019-07-25,189776,Juli,Donnerstag,,1
2019-07-26,186423,Juli,Freitag,,1
2019-07-27,141451,Juli,Samstag,,0
2019-07-28,125099,Juli,Sonntag,,0
2019-07-29,169220,Juli,Montag,,1
2019-07-30,177824,Juli,Dienstag,,1
2019-07-31,173420,Juli,Mittwoch,,1
2019-08-01,168156,August,Donnerstag,,1
2019-08-02,165768,August,Freitag,,1
2019-08-03,129810,August,Samstag,,0
2019-08-04,115009,August,Sonntag,,0
2019-08-05,163133,August,Montag,,1
2019-08-06,168488,August,Dienstag,,1
2019-08-07,166889,August,Mittwoch,,1
2019-08-08,159803,August,Donnerstag,,1
2019-08-09,161708,August,Freitag,,1
2019-08-10,127807,August,Samstag,,0
2019-08-11,114528,August,Sonntag,,0
2019-08-12,154036,August,Montag,,1
2019-08-13,156553,August,Dienstag,,1
2019-08-14,155504,August,Mittwoch,,1
2019-08-15,154009,August,Donnerstag,,1
2019-08-16,146803,August,Freitag,,1
2019-08-17,118743,August,Samstag,,0
2019-08-18,108345,August,Sonntag,,0
2019-08-19,154872,August,Montag,,1
2019-08-20,159561,August,Dienstag,,1
2019-08-21,155999,August,Mittwoch,,1
2019-08-22,156408,August,Donnerstag,,1
2019-08-23,154024,August,Freitag,,1
2019-08-24,121502,August,Samstag,,0
2019-08-25,109090,August,Sonntag,,0
2019-08-26,164648,August,Montag,,1
2019-08-27,172825,August,Dienstag,,1
2019-08-28,173218,August,Mittwoch,,1
2019-08-29,172596,August,Donnerstag,,1
2019-08-30,166892,August,Freitag,,1
2019-08-31,130326,August,Samstag,,0
2019-09-01,116742,September,Sonntag,,0
2019-09-02,163459,September,Montag,,1
2019-09-03,167509,September,Dienstag,,1
2019-09-04,167979,September,Mittwoch,,1
2019-09-05,168290,September,Donnerstag,,1
2019-09-06,164162,September,Freitag,,1
2019-09-07,122450,September,Samstag,,0
2019-09-08,117523,September,Sonntag,,0
2019-09-09,166200,September,Montag,,1
2019-09-10,170614,September,Dienstag,,1
2019-09-11,172090,September,Mittwoch,,1
2019-09-12,170214,September,Donnerstag,,1
2019-09-13,166128,September,Freitag,,1
2019-09-14,129850,September,Samstag,,0
2019-09-15,116111,September,Sonntag,,0
2019-09-16,167823,September,Montag,,1
2019-09-17,174165,September,Dienstag,,1
2019-09-18,170519,September,Mittwoch,,1
2019-09-19,167640,September,Donnerstag,,1
2019-09-20,164179,September,Freitag,,1
2019-09-21,129095,September,Samstag,,0
2019-09-22,117463,September,Sonntag,,0
2019-09-23,171224,September,Montag,,1
2019-09-24,176997,September,Dienstag,,1
2019-09-25,180048,September,Mittwoch,,1
2019-09-26,179719,September,Donnerstag,,1
2019-09-27,177526,September,Freitag,,1
2019-09-28,139930,September,Samstag,,0
2019-09-29,125566,September,Sonntag,,0
2019-09-30,178306,September,Montag,,1
2019-10-01,182326,Oktober,Dienstag,,1
2019-10-02,178415,Oktober,Mittwoch,,1
2019-10-03,131705,Oktober,Donnerstag,Tag der Deutschen Einheit,0
2019-10-04,149838,Oktober,Freitag,,1
2019-10-05,137126,Oktober,Samstag,,0
2019-10-06,126923,Oktober,Sonntag,,0
2019-10-07,176672,Oktober,Montag,,1
2019-10-08,186843,Oktober,Dienstag,,1
2019-10-09,188816,Oktober,Mittwoch,,1
2019-10-10,187265,Oktober,Donnerstag,,1
2019-10-11,180199,Oktober,Freitag,,1
2019-10-12,144377,Oktober,Samstag,,0
2019-10-13,126432,Oktober,Sonntag,,0
2019-10-14,177368,Oktober,Montag,,1
2019-10-15,186115,Oktober,Dienstag,,1
2019-10-16,183030,Oktober,Mittwoch,,1
2019-10-17,182776,Oktober,Donnerstag,,1
2019-10-18,181063,Oktober,Freitag,,1
2019-10-19,144410,Oktober,Samstag,,0
2019-10-20,124508,Oktober,Sonntag,,0
2019-10-21,179808,Oktober,Montag,,1
2019-10-22,184958,Oktober,Dienstag,,1
2019-10-23,184872,Oktober,Mittwoch,,1
2019-10-24,182242,Oktober,Donnerstag,,1
2019-10-25,177075,Oktober,Freitag,,1
2019-10-26,140333,Oktober,Samstag,,0
2019-10-27,131688,Oktober,Sonntag,,0
2019-10-28,179969,Oktober,Montag,,1
2019-10-29,186058,Oktober,Dienstag,,1
2019-10-30,184980,Oktober,Mittwoch,,1
2019-10-31,176362,Oktober,Donnerstag,,1
2019-11-01,131805,November,Freitag,Allerheiligen,0
2019-11-02,131727,November,Samstag,,0
2019-11-03,124909,November,Sonntag,,0
2019-11-04,177365,November,Montag,,1
2019-11-05,182435,November,Dienstag,,1
2019-11-06,184958,November,Mittwoch,,1
2019-11-07,186447,November,Donnerstag,,1
2019-11-08,186949,November,Freitag,,1
2019-11-09,148978,November,Samstag,,0
2019-11-10,135294,November,Sonntag,,0
2019-11-11,191048,November,Montag,,1
2019-11-12,194756,November,Dienstag,,1
2019-11-13,194210,November,Mittwoch,,1
2019-11-14,194363,November,Donnerstag,,1
2019-11-15,193148,November,Freitag,,1
2019-11-16,154797,November,Samstag,,0
2019-11-17,143323,November,Sonntag,,0
2019-11-18,191342,November,Montag,,1
2019-11-19,199507,November,Dienstag,,1
2019-11-20,200199,November,Mittwoch,,1
2019-11-21,195292,November,Donnerstag,,1
2019-11-22,193711,November,Freitag,,1
2019-11-23,158095,November,Samstag,,0
2019-11-24,141983,November,Sonntag,,0
2019-11-25,191706,November,Montag,,1
2019-11-26,195141,November,Dienstag,,1
2019-11-27,195733,November,Mittwoch,,1
2019-11-28,195084,November,Donnerstag,,1
2019-11-29,191503,November,Freitag,,1
2019-11-30,149906,November,Samstag,,0
2019-12-01,141896,Dezember,Sonntag,,0
2019-12-02,193991,Dezember,Montag,,1
2019-12-03,198072,Dezember,Dienstag,,1
2019-12-04,202214,Dezember,Mittwoch,,1
2019-12-05,202925,Dezember,Donnerstag,,1
2019-12-06,196841,Dezember,Freitag,,1
2019-12-07,156925,Dezember,Samstag,,0
2019-12-08,142067,Dezember,Sonntag,,0
2019-12-09,191866,Dezember,Montag,,1
2019-12-10,196662,Dezember,Dienstag,,1
2019-12-11,201739,Dezember,Mittwoch,,1
2019-12-12,195148,Dezember,Donnerstag,,1
2019-12-13,190317,Dezember,Freitag,,1
2019-12-14,151965,Dezember,Samstag,,0
2019-12-15,136786,Dezember,Sonntag,,0
2019-12-16,177823,Dezember,Montag,,1
2019-12-17,181540,Dezember,Dienstag,,1
2019-12-18,176395,Dezember,Mittwoch,,1
2019-12-19,170210,Dezember,Donnerstag,,1
2019-12-20,159475,Dezember,Freitag,,1
2019-12-21,133798,Dezember,Samstag,,0
2019-12-22,124058,Dezember,Sonntag,,0
2019-12-23,136608,Dezember,Montag,,1
2019-12-24,123536,Dezember,Dienstag,,1
2019-12-25,115236,Dezember,Mittwoch,Erster Weihnachtsfeiertag,0
2019-12-26,114846,Dezember,Donnerstag,Zweiter Weihnachtsfeiertag,0
2019-12-27,129551,Dezember,Freitag,,1
2019-12-28,125395,Dezember,Samstag,,0
2019-12-29,121331,Dezember,Sonntag,,0
2019-12-30,137130,Dezember,Montag,,1
2019-12-31,131060,Dezember,Dienstag,,1
2020-01-01,120931,Januar,Mittwoch,Neujahr,0
2020-01-02,149250,Januar,Donnerstag,,1
2020-01-03,152645,Januar,Freitag,,1
2020-01-04,139629,Januar,Samstag,,0
2020-01-05,127212,Januar,Sonntag,,0
2020-01-06,133441,Januar,Montag,Heilige Drei Koenige,0
2020-01-07,184059,Januar,Dienstag,,1
2020-01-08,192440,Januar,Mittwoch,,1
2020-01-09,186741,Januar,Donnerstag,,1
2020-01-10,186122,Januar,Freitag,,1
2020-01-11,150644,Januar,Samstag,,0
2020-01-12,144642,Januar,Sonntag,,0
2020-01-13,190987,Januar,Montag,,1
2020-01-14,198155,Januar,Dienstag,,1
2020-01-15,195698,Januar,Mittwoch,,1
2020-01-16,189867,Januar,Donnerstag,,1
2020-01-17,192170,Januar,Freitag,,1
2020-01-18,154946,Januar,Samstag,,0
2020-01-19,143034,Januar,Sonntag,,0
2020-01-20,194164,Januar,Montag,,1
2020-01-21,203484,Januar,Dienstag,,1
2020-01-22,205278,Januar,Mittwoch,,1
2020-01-23,205094,Januar,Donnerstag,,1
2020-01-24,195032,Januar,Freitag,,1
2020-01-25,158574,Januar,Samstag,,0
2020-01-26,142850,Januar,Sonntag,,0
2020-01-27,194453,Januar,Montag,,1
2020-01-28,203027,Januar,Dienstag,,1
2020-01-29,203582,Januar,Mittwoch,,1
2020-01-30,195812,Januar,Donnerstag,,1
2020-01-31,189171,Januar,Freitag,,1
2020-02-01,150494,Februar,Samstag,,0
2020-02-02,136980,Februar,Sonntag,,0
2020-02-03,191789,Februar,Montag,,1
2020-02-04,200581,Februar,Dienstag,,1
2020-02-05,197193,Februar,Mittwoch,,1
2020-02-06,194915,Februar,Donnerstag,,1
2020-02-07,190252,Februar,Freitag,,1
2020-02-08,153672,Februar,Samstag,,0
2020-02-09,141601,Februar,Sonntag,,0
2020-02-10,188222,Februar,Montag,,1
2020-02-11,199837,Februar,Dienstag,,1
2020-02-12,200450,Februar,Mittwoch,,1
2020-02-13,196667,Februar,Donnerstag,,1
2020-02-14,189206,Februar,Freitag,,1
2020-02-15,151828,Februar,Samstag,,0
2020-02-16,139097,Februar,Sonntag,,0
2020-02-17,189144,Februar,Montag,,1
2020-02-18,195040,Februar,Dienstag,,1
2020-02-19,196662,Februar,Mittwoch,,1
2020-02-20,189370,Februar,Donnerstag,,1
2020-02-21,184787,Februar,Freitag,,1
2020-02-22,150277,Februar,Samstag,,0
2020-02-23,134279,Februar,Sonntag,,0
2020-02-24,174536,Februar,Montag,,1
2020-02-25,184403,Februar,Dienstag,,1
2020-02-26,190001,Februar,Mittwoch,,1
2020-02-27,195516,Februar,Donnerstag,,1
2020-02-28,185447,Februar,Freitag,,1
2020-02-29,150748,Februar,Samstag,,0
2020-03-01,135945,Maerz,Sonntag,,0
2020-03-02,185747,Maerz,Montag,,1
2020-03-03,191185,Maerz,Dienstag,,1
2020-03-04,191842,Maerz,Mittwoch,,1
2020-03-05,191763,Maerz,Donnerstag,,1
2020-03-06,190255,Maerz,Freitag,,1
2020-03-07,153188,Maerz,Samstag,,0
2020-03-08,136144,Maerz,Sonntag,,0
2020-03-09,184626,Maerz,Montag,,1
2020-03-10,198110,Maerz,Dienstag,,1
2020-03-11,189576,Maerz,Mittwoch,,1
2020-03-12,188593,Maerz,Donnerstag,,1
2020-03-13,182933,Maerz,Freitag,,1
2020-03-14,146145,Maerz,Samstag,,0
2020-03-15,131602,Maerz,Sonntag,,0
2020-03-16,175067,Maerz,Montag,,1
2020-03-17,178981,Maerz,Dienstag,,1
2020-03-18,177438,Maerz,Mittwoch,,1
2020-03-19,169716,Maerz,Donnerstag,,1
2020-03-20,164177,Maerz,Freitag,,1
2020-03-21,143800,Maerz,Samstag,,0
2020-03-22,130469,Maerz,Sonntag,,0
2020-03-23,167238,Maerz,Montag,,1
2020-03-24,171343,Maerz,Dienstag,,1
2020-03-25,170080,Maerz,Mittwoch,,1
2020-03-26,169532,Maerz,Donnerstag,,1
2020-03-27,160019,Maerz,Freitag,,1
2020-03-28,129952,Maerz,Samstag,,0
2020-03-29,123856,Maerz,Sonntag,,0
2020-03-30,162809,Maerz,Montag,,1
2020-03-31,165663,Maerz,Dienstag,,1
2020-04-01,164032,April,Mittwoch,,1
2020-04-02,160311,April,Donnerstag,,1
2020-04-03,156439,April,Freitag,,1
2020-04-04,127148,April,Samstag,,0
2020-04-05,118667,April,Sonntag,,0
2020-04-06,151420,April,Montag,,1
2020-04-07,153189,April,Dienstag,,1
2020-04-08,150318,April,Mittwoch,,1
2020-04-09,142616,April,Donnerstag,,1
2020-04-10,111233,April,Freitag,Karfreitag,0
2020-04-11,112010,April,Samstag,,0
2020-04-12,102469,April,Sonntag,,0
2020-04-13,105308,April,Montag,Ostermontag,0
2020-04-14,143089,April,Dienstag,,1
2020-04-15,150715,April,Mittwoch,,1
2020-04-16,148527,April,Donnerstag,,1
2020-04-17,146109,April,Freitag,,1
2020-04-18,120408,April,Samstag,,0
2020-04-19,111003,April,Sonntag,,0
2020-04-20,154405,April,Montag,,1
2020-04-21,164071,April,Dienstag,,1
2020-04-22,158484,April,Mittwoch,,1
2020-04-23,155204,April,Donnerstag,,1
2020-04-24,150015,April,Freitag,,1
2020-04-25,122980,April,Samstag,,0
2020-04-26,113442,April,Sonntag,,0
2020-04-27,153743,April,Montag,,1
2020-04-28,161485,April,Dienstag,,1
2020-04-29,159557,April,Mittwoch,,1
2020-04-30,155056,April,Donnerstag,,1
2020-05-01,116289,Mai,Freitag,Erster Mai,0
2020-05-02,121121,Mai,Samstag,,0
2020-05-03,114397,Mai,Sonntag,,0
2020-05-04,160321,Mai,Montag,,1
2020-05-05,168110,Mai,Dienstag,,1
2020-05-06,164654,Mai,Mittwoch,,1
2020-05-07,161891,Mai,Donnerstag,,1
2020-05-08,155922,Mai,Freitag,,1
2020-05-09,128250,Mai,Samstag,,0
2020-05-10,116342,Mai,Sonntag,,0
2020-05-11,166222,Mai,Montag,,1
2020-05-12,166294,Mai,Dienstag,,1
2020-05-13,170440,Mai,Mittwoch,,1
2020-05-14,166832,Mai,Donnerstag,,1
2020-05-15,158220,Mai,Freitag,,1
2020-05-16,126831,Mai,Samstag,,0
2020-05-17,113462,Mai,Sonntag,,0
2020-05-18,154750,Mai,Montag,,1
2020-05-19,159927,Mai,Dienstag,,1
2020-05-20,156553,Mai,Mittwoch,,1
2020-05-21,116914,Mai,Donnerstag,Christi Himmelfahrt,0
2020-05-22,131342,Mai,Freitag,,1
2020-05-23,126159,Mai,Samstag,,0
2020-05-24,115041,Mai,Sonntag,,0
2020-05-25,157617,Mai,Montag,,1
2020-05-26,163709,Mai,Dienstag,,1
2020-05-27,162175,Mai,Mittwoch,,1
2020-05-28,159262,Mai,Donnerstag,,1
2020-05-29,151948,Mai,Freitag,,1
2020-05-30,122934,Mai,Samstag,,0
2020-05-31,104511,Mai,Sonntag,,0
2020-06-01,106687,Juni,Montag,Pfingstmontag,0
2020-06-02,156183,Juni,Dienstag,,1
2020-06-03,166249,Juni,Mittwoch,,1
2020-06-04,165410,Juni,Donnerstag,,1
2020-06-05,159396,Juni,Freitag,,1
2020-06-06,128796,Juni,Samstag,,0
2020-06-07,114389,Juni,Sonntag,,0
2020-06-08,152213,Juni,Montag,,1
2020-06-09,161691,Juni,Dienstag,,1
2020-06-10,159062,Juni,Mittwoch,,1
2020-06-11,117631,Juni,Donnerstag,Fronleichnam,0
2020-06-12,129356,Juni,Freitag,,1
2020-06-13,119934,Juni,Samstag,,0
2020-06-14,116570,Juni,Sonntag,,0
2020-06-15,161846,Juni,Montag,,1
2020-06-16,169151,Juni,Dienstag,,1
2020-06-17,169810,Juni,Mittwoch,,1
2020-06-18,163574,Juni,Donnerstag,,1
2020-06-19,158571,Juni,Freitag,,1
2020-06-20,124579,Juni,Samstag,,0
2020-06-21,112250,Juni,Sonntag,,0
2020-06-22,161058,Juni,Montag,,1
2020-06-23,168669,Juni,Dienstag,,1
2020-06-24,168443,Juni,Mittwoch,,1
2020-06-25,165944,Juni,Donnerstag,,1
2020-06-26,162973,Juni,Freitag,,1
2020-06-27,129441,Juni,Samstag,,0
2020-06-28,117432,Juni,Sonntag,,0
2020-06-29,160567,Juni,Montag,,1
2020-06-30,165579,Juni,Dienstag,,1
2020-07-01,170360,Juli,Mittwoch,,1
2020-07-02,169094,Juli,Donnerstag,,1
2020-07-03,158354,Juli,Freitag,,1
2020-07-04,126990,Juli,Samstag,,0
2020-07-05,117977,Juli,Sonntag,,0
2020-07-06,163485,Juli,Montag,,1
2020-07-07,165623,Juli,Dienstag,,1
2020-07-08,168499,Juli,Mittwoch,,1
2020-07-09,167857,Juli,Donnerstag,,1
2020-07-10,162268,Juli,Freitag,,1
2020-07-11,127202,Juli,Samstag,,0
2020-07-12,114641,Juli,Sonntag,,0
2020-07-13,162529,Juli,Montag,,1
2020-07-14,170907,Juli,Dienstag,,1
2020-07-15,170748,Juli,Mittwoch,,1
2020-07-16,169680,Juli,Donnerstag,,1
2020-07-17,161848,Juli,Freitag,,1
2020-07-18,127810,Juli,Samstag,,0
2020-07-19,116963,Juli,Sonntag,,0
2020-07-20,167718,Juli,Montag,,1
2020-07-21,174208,Juli,Dienstag,,1
2020-07-22,174471,Juli,Mittwoch,,1
2020-07-23,171629,Juli,Donnerstag,,1
2020-07-24,165242,Juli,Freitag,,1
2020-07-25,132816,Juli,Samstag,,0
2020-07-26,121209,Juli,Sonntag,,0
2020-07-27,168351,Juli,Montag,,1
2020-07-28,179350,Juli,Dienstag,,1
2020-07-29,173761,Juli,Mittwoch,,1
2020-07-30,172040,Juli,Donnerstag,,1
2020-07-31,166932,Juli,Freitag,,1
2020-08-01,136445,August,Samstag,,0
2020-08-02,121168,August,Sonntag,,0
2020-08-03,159322,August,Montag,,1
2020-08-04,161080,August,Dienstag,,1
2020-08-05,161047,August,Mittwoch,,1
2020-08-06,161450,August,Donnerstag,,1
2020-08-07,160976,August,Freitag,,1
2020-08-08,132212,August,Samstag,,0
2020-08-09,120328,August,Sonntag,,0
2020-08-10,161184,August,Montag,,1
2020-08-11,167873,August,Dienstag,,1
2020-08-12,169118,August,Mittwoch,,1
2020-08-13,165390,August,Donnerstag,,1
2020-08-14,159775,August,Freitag,,1
2020-08-15,126373,August,Samstag,,0
2020-08-16,115542,August,Sonntag,,0
2020-08-17,153868,August,Montag,,1
2020-08-18,156443,August,Dienstag,,1
2020-08-19,156131,August,Mittwoch,,1
2020-08-20,161028,August,Donnerstag,,1
2020-08-21,159418,August,Freitag,,1
2020-08-22,127897,August,Samstag,,0
2020-08-23,112054,August,Sonntag,,0
2020-08-24,152943,August,Montag,,1
2020-08-25,159413,August,Dienstag,,1
2020-08-26,164900,August,Mittwoch,,1
2020-08-27,160308,August,Donnerstag,,1
2020-08-28,158355,August,Freitag,,1
2020-08-29,124430,August,Samstag,,0
2020-08-30,112780,August,Sonntag,,0
2020-08-31,157753,August,Montag,,1
2020-09-01,167083,September,Dienstag,,1
2020-09-02,165931,September,Mittwoch,,1
2020-09-03,164280,September,Donnerstag,,1
2020-09-04,162783,September,Freitag,,1
2020-09-05,130578,September,Samstag,,0
2020-09-06,118129,September,Sonntag,,0
2020-09-07,162407,September,Montag,,1
2020-09-08,169195,September,Dienstag,,1
2020-09-09,170605,September,Mittwoch,,1
2020-09-10,171325,September,Donnerstag,,1
2020-09-11,167430,September,Freitag,,1
2020-09-12,133979,September,Samstag,,0
2020-09-13,119422,September,Sonntag,,0
2020-09-14,168184,September,Montag,,1
2020-09-15,175722,September,Dienstag,,1
2020-09-16,176451,September,Mittwoch,,1
2020-09-17,174863,September,Donnerstag,,1
2020-09-18,168787,September,Freitag,,1
2020-09-19,133679,September,Samstag,,0
2020-09-20,119570,September,Sonntag,,0
2020-09-21,168049,September,Montag,,1
2020-09-22,175789,September,Dienstag,,1
2020-09-23,176254,September,Mittwoch,,1
2020-09-24,179694,September,Donnerstag,,1
2020-09-25,180664,September,Freitag,,1
2020-09-26,148318,September,Samstag,,0
2020-09-27,134514,September,Sonntag,,0
2020-09-28,181462,September,Montag,,1
2020-09-29,192281,September,Dienstag,,1
2020-09-30,186541,September,Mittwoch,,1
2020-10-01,185629,Oktober,Donnerstag,,1
2020-10-02,181244,Oktober,Freitag,,1
2020-10-03,138721,Oktober,Samstag,Tag der Deutschen Einheit,0
2020-10-04,132555,Oktober,Sonntag,,0
2020-10-05,183334,Oktober,Montag,,1
2020-10-06,191596,Oktober,Dienstag,,1
2020-10-07,192214,Oktober,Mittwoch,,1
2020-10-08,187613,Oktober,Donnerstag,,1
2020-10-09,184463,Oktober,Freitag,,1
2020-10-10,151257,Oktober,Samstag,,0
2020-10-11,138352,Oktober,Sonntag,,0
2020-10-12,191217,Oktober,Montag,,1
2020-10-13,196752,Oktober,Dienstag,,1
2020-10-14,202225,Oktober,Mittwoch,,1
2020-10-15,200862,Oktober,Donnerstag,,1
2020-10-16,195983,Oktober,Freitag,,1
2020-10-17,156403,Oktober,Samstag,,0
2020-10-18,142175,Oktober,Sonntag,,0
2020-10-19,188880,Oktober,Montag,,1
2020-10-20,199271,Oktober,Dienstag,,1
2020-10-21,197239,Oktober,Mittwoch,,1
2020-10-22,194274,Oktober,Donnerstag,,1
2020-10-23,196333,Oktober,Freitag,,1
2020-10-24,151325,Oktober,Samstag,,0
2020-10-25,143758,Oktober,Sonntag,,0
2020-10-26,191413,Oktober,Montag,,1
2020-10-27,196942,Oktober,Dienstag,,1
2020-10-28,197563,Oktober,Mittwoch,,1
2020-10-29,197566,Oktober,Donnerstag,,1
2020-10-30,189028,Oktober,Freitag,,1
2020-10-31,149250,Oktober,Samstag,,0
2020-11-01,140211,November,Sonntag,Allerheiligen,0
2020-11-02,190430,November,Montag,,1
2020-11-03,197560,November,Dienstag,,1
2020-11-04,201756,November,Mittwoch,,1
2020-11-05,197884,November,Donnerstag,,1
2020-11-06,196168,November,Freitag,,1
2020-11-07,155732,November,Samstag,,0
2020-11-08,141637,November,Sonntag,,0
2020-11-09,194095,November,Montag,,1
2020-11-10,202508,November,Dienstag,,1
2020-11-11,201645,November,Mittwoch,,1
2020-11-12,198524,November,Donnerstag,,1
2020-11-13,193523,November,Freitag,,1
2020-11-14,151092,November,Samstag,,0
2020-11-15,140016,November,Sonntag,,0
2020-11-16,196284,November,Montag,,1
2020-11-17,203489,November,Dienstag,,1
2020-11-18,202428,November,Mittwoch,,1
2020-11-19,204432,November,Donnerstag,,1
2020-11-20,198294,November,Freitag,,1
2020-11-21,169368,November,Samstag,,0
2020-11-22,157198,November,Sonntag,,0
2020-11-23,207460,November,Montag,,1
2020-11-24,216124,November,Dienstag,,1
2020-11-25,218578,November,Mittwoch,,1
2020-11-26,211627,November,Donnerstag,,1
2020-11-27,204701,November,Freitag,,1
2020-11-28,170658,November,Samstag,,0
2020-11-29,159483,November,Sonntag,,0
2020-11-30,213306,November,Montag,,1
2020-12-01,221616,Dezember,Dienstag,,1
2020-12-02,221467,Dezember,Mittwoch,,1
2020-12-03,219032,Dezember,Donnerstag,,1
2020-12-04,214748,Dezember,Freitag,,1
2020-12-05,178284,Dezember,Samstag,,0
2020-12-06,163940,Dezember,Sonntag,,0
2020-12-07,212048,Dezember,Montag,,1
2020-12-08,215660,Dezember,Dienstag,,1
2020-12-09,221820,Dezember,Mittwoch,,1
2020-12-10,215915,Dezember,Donnerstag,,1
2020-12-11,212749,Dezember,Freitag,,1
2020-12-12,171890,Dezember,Samstag,,0
2020-12-13,151916,Dezember,Sonntag,,0
2020-12-14,202750,Dezember,Montag,,1
2020-12-15,206473,Dezember,Dienstag,,1
2020-12-16,198525,Dezember,Mittwoch,,1
2020-12-17,195009,Dezember,Donnerstag,,1
2020-12-18,187036,Dezember,Freitag,,1
2020-12-19,158562,Dezember,Samstag,,0
2020-12-20,144567,Dezember,Sonntag,,0
2020-12-21,174725,Dezember,Montag,,1
2020-12-22,171748,Dezember,Dienstag,,1
2020-12-23,157523,Dezember,Mittwoch,,1
2020-12-24,133643,Dezember,Donnerstag,,1
2020-12-25,129471,Dezember,Freitag,Erster Weihnachtsfeiertag,0
2020-12-26,130925,Dezember,Samstag,Zweiter Weihnachtsfeiertag,0
2020-12-27,137464,Dezember,Sonntag,,0
2020-12-28,151492,Dezember,Montag,,1
2020-12-29,152711,Dezember,Dienstag,,1
2020-12-30,154993,Dezember,Mittwoch,,1
2020-12-31,142753,Dezember,Donnerstag,,1
2021-01-01,131423,Januar,Freitag,Neujahr,0
2021-01-02,140812,Januar,Samstag,,0
2021-01-03,143167,Januar,Sonntag,,0
2021-01-04,178006,Januar,Montag,,1
2021-01-05,184918,Januar,Dienstag,,1
2021-01-06,161034,Januar,Mittwoch,Heilige Drei Koenige,0
2021-01-07,191174,Januar,Donnerstag,,1
2021-01-08,196043,Januar,Freitag,,1
2021-01-09,168608,Januar,Samstag,,0
2021-01-10,155158,Januar,Sonntag,,0
2021-01-11,211199,Januar,Montag,,1
2021-01-12,221813,Januar,Dienstag,,1
2021-01-13,217226,Januar,Mittwoch,,1
2021-01-14,215349,Januar,Donnerstag,,1
2021-01-15,211312,Januar,Freitag,,1
2021-01-16,176657,Januar,Samstag,,0
2021-01-17,164047,Januar,Sonntag,,0
2021-01-18,212066,Januar,Montag,,1
2021-01-19,219864,Januar,Dienstag,,1
2021-01-20,216292,Januar,Mittwoch,,1
2021-01-21,209516,Januar,Donnerstag,,1
2021-01-22,201172,Januar,Freitag,,1
2021-01-23,169779,Januar,Samstag,,0
2021-01-24,156984,Januar,Sonntag,,0
2021-01-25,210762,Januar,Montag,,1
2021-01-26,216580,Januar,Dienstag,,1
2021-01-27,217311,Januar,Mittwoch,,1
2021-01-28,208498,Januar,Donnerstag,,1
2021-01-29,199412,Januar,Freitag,,1
2021-01-30,165215,Januar,Samstag,,0
2021-01-31,153088,Januar,Sonntag,,0
2021-02-01,202833,Februar,Montag,,1
2021-02-02,205271,Februar,Dienstag,,1
2021-02-03,203756,Februar,Mittwoch,,1
2021-02-04,201186,Februar,Donnerstag,,1
2021-02-05,196824,Februar,Freitag,,1
2021-02-06,161927,Februar,Samstag,,0
2021-02-07,150900,Februar,Sonntag,,0
2021-02-08,208180,Februar,Montag,,1
2021-02-09,219166,Februar,Dienstag,,1
2021-02-10,222193,Februar,Mittwoch,,1
2021-02-11,222761,Februar,Donnerstag,,1
2021-02-12,218654,Februar,Freitag,,1
2021-02-13,183653,Februar,Samstag,,0
2021-02-14,164960,Februar,Sonntag,,0
2021-02-15,213699,Februar,Montag,,1
2021-02-16,207042,Februar,Dienstag,,1
2021-02-17,205745,Februar,Mittwoch,,1
2021-02-18,202674,Februar,Donnerstag,,1
2021-02-19,194449,Februar,Freitag,,1
2021-02-20,154250,Februar,Samstag,,0
2021-02-21,139916,Februar,Sonntag,,0
2021-02-22,191371,Februar,Montag,,1
2021-02-23,192882,Februar,Dienstag,,1
2021-02-24,191329,Februar,Mittwoch,,1
2021-02-25,189095,Februar,Donnerstag,,1
2021-02-26,187404,Februar,Freitag,,1
2021-02-27,151802,Februar,Samstag,,0
2021-02-28,140891,Februar,Sonntag,,0
2021-03-01,188650,Maerz,Montag,,1
2021-03-02,192149,Maerz,Dienstag,,1
2021-03-03,196654,Maerz,Mittwoch,,1
2021-03-04,190743,Maerz,Donnerstag,,1
2021-03-05,196358,Maerz,Freitag,,1
2021-03-06,161668,Maerz,Samstag,,0
2021-03-07,149223,Maerz,Sonntag,,0
2021-03-08,198265,Maerz,Montag,,1
2021-03-09,205881,Maerz,Dienstag,,1
2021-03-10,200384,Maerz,Mittwoch,,1
2021-03-11,201482,Maerz,Donnerstag,,1
2021-03-12,194975,Maerz,Freitag,,1
2021-03-13,163833,Maerz,Samstag,,0
2021-03-14,147986,Maerz,Sonntag,,0
2021-03-15,196609,Maerz,Montag,,1
2021-03-16,201816,Maerz,Dienstag,,1
2021-03-17,199780,Maerz,Mittwoch,,1
2021-03-18,199230,Maerz,Donnerstag,,1
2021-03-19,196588,Maerz,Freitag,,1
2021-03-20,161929,Maerz,Samstag,,0
2021-03-21,152525,Maerz,Sonntag,,0
2021-03-22,201437,Maerz,Montag,,1
2021-03-23,204880,Maerz,Dienstag,,1
2021-03-24,197672,Maerz,Mittwoch,,1
2021-03-25,193397,Maerz,Donnerstag,,1
2021-03-26,185453,Maerz,Freitag,,1
2021-03-27,152465,Maerz,Samstag,,0
2021-03-28,131824,Maerz,Sonntag,,0
2021-03-29,183147,Maerz,Montag,,1
2021-03-30,184709,Maerz,Dienstag,,1
2021-03-31,181604,Maerz,Mittwoch,,1
2021-04-01,175125,April,Donnerstag,,1
2021-04-02,130015,April,Freitag,Karfreitag,0
2021-04-03,133528,April,Samstag,,0
2021-04-04,119636,April,Sonntag,,0
2021-04-05,130802,April,Montag,Ostermontag,0
2021-04-06,188357,April,Dienstag,,1
2021-04-07,199550,April,Mittwoch,,1
2021-04-08,195562,April,Donnerstag,,1
2021-04-09,189779,April,Freitag,,1
2021-04-10,151553,April,Samstag,,0
2021-04-11,141812,April,Sonntag,,0
2021-04-12,195595,April,Montag,,1
2021-04-13,202048,April,Dienstag,,1
2021-04-14,204067,April,Mittwoch,,1
2021-04-15,200061,April,Donnerstag,,1
2021-04-16,197584,April,Freitag,,1
2021-04-17,161575,April,Samstag,,0
2021-04-18,148241,April,Sonntag,,0
2021-04-19,198131,April,Montag,,1
2021-04-20,198781,April,Dienstag,,1
2021-04-21,193487,April,Mittwoch,,1
2021-04-22,189453,April,Donnerstag,,1
2021-04-23,185110,April,Freitag,,1
2021-04-24,146840,April,Samstag,,0
2021-04-25,132381,April,Sonntag,,0
2021-04-26,181556,April,Montag,,1
2021-04-27,188308,April,Dienstag,,1
2021-04-28,191559,April,Mittwoch,,1
2021-04-29,188774,April,Donnerstag,,1
2021-04-30,187652,April,Freitag,,1
2021-05-01,134964,Mai,Samstag,Erster Mai,0
2021-05-02,132987,Mai,Sonntag,,0
2021-05-03,184986,Mai,Montag,,1
2021-05-04,194400,Mai,Dienstag,,1
2021-05-05,191998,Mai,Mittwoch,,1
2021-05-06,197281,Mai,Donnerstag,,1
2021-05-07,187396,Mai,Freitag,,1
2021-05-08,146926,Mai,Samstag,,0
2021-05-09,130745,Mai,Sonntag,,0
2021-05-10,181432,Mai,Montag,,1
2021-05-11,191168,Mai,Dienstag,,1
2021-05-12,184286,Mai,Mittwoch,,1
2021-05-13,136476,Mai,Donnerstag,Christi Himmelfahrt,0
2021-05-14,150949,Mai,Freitag,,1
2021-05-15,137400,Mai,Samstag,,0
2021-05-16,130168,Mai,Sonntag,,0
2021-05-17,178814,Mai,Montag,,1
2021-05-18,185590,Mai,Dienstag,,1
2021-05-19,186420,Mai,Mittwoch,,1
2021-05-20,184356,Mai,Donnerstag,,1
2021-05-21,182030,Mai,Freitag,,1
2021-05-22,140221,Mai,Samstag,,0
2021-05-23,119942,Mai,Sonntag,,0
2021-05-24,125709,Mai,Montag,Pfingstmontag,0
2021-05-25,173693,Mai,Dienstag,,1
2021-05-26,183795,Mai,Mittwoch,,1
2021-05-27,181862,Mai,Donnerstag,,1
2021-05-28,175524,Mai,Freitag,,1
2021-05-29,138663,Mai,Samstag,,0
2021-05-30,123736,Mai,Sonntag,,0
2021-05-31,172255,Mai,Montag,,1
2021-06-01,177621,Juni,Dienstag,,1
2021-06-02,175455,Juni,Mittwoch,,1
2021-06-03,140797,Juni,Donnerstag,Fronleichnam,0
2021-06-04,157555,Juni,Freitag,,1
2021-06-05,140725,Juni,Samstag,,0
2021-06-06,131634,Juni,Sonntag,,0
2021-06-07,185772,Juni,Montag,,1
2021-06-08,189768,Juni,Dienstag,,1
2021-06-09,190471,Juni,Mittwoch,,1
2021-06-10,188816,Juni,Donnerstag,,1
2021-06-11,183969,Juni,Freitag,,1
2021-06-12,145650,Juni,Samstag,,0
2021-06-13,129370,Juni,Sonntag,,0
2021-06-14,183096,Juni,Montag,,1
2021-06-15,192604,Juni,Dienstag,,1
2021-06-16,195981,Juni,Mittwoch,,1
2021-06-17,195340,Juni,Donnerstag,,1
2021-06-18,194587,Juni,Freitag,,1
2021-06-19,155021,Juni,Samstag,,0
2021-06-20,138551,Juni,Sonntag,,0
2021-06-21,185769,Juni,Montag,,1
2021-06-22,190220,Juni,Dienstag,,1
2021-06-23,193029,Juni,Mittwoch,,1
2021-06-24,188629,Juni,Donnerstag,,1
2021-06-25,184801,Juni,Freitag,,1
2021-06-26,144769,Juni,Samstag,,0
2021-06-27,131692,Juni,Sonntag,,0
2021-06-28,188309,Juni,Montag,,1
2021-06-29,190641,Juni,Dienstag,,1
2021-06-30,187699,Juni,Mittwoch,,1
2021-07-01,185196,Juli,Donnerstag,,1
2021-07-02,179197,Juli,Freitag,,1
2021-07-03,144590,Juli,Samstag,,0
2021-07-04,131980,Juli,Sonntag,,0
2021-07-05,183363,Juli,Montag,,1
2021-07-06,189976,Juli,Dienstag,,1
2021-07-07,186688,Juli,Mittwoch,,1
2021-07-08,188492,Juli,Donnerstag,,1
2021-07-09,181727,Juli,Freitag,,1
2021-07-10,147334,Juli,Samstag,,0
2021-07-11,132840,Juli,Sonntag,,0
2021-07-12,184734,Juli,Montag,,1
2021-07-13,193347,Juli,Dienstag,,1
2021-07-14,189950,Juli,Mittwoch,,1
2021-07-15,189698,Juli,Donnerstag,,1
2021-07-16,183186,Juli,Freitag,,1
2021-07-17,143856,Juli,Samstag,,0
2021-07-18,127268,Juli,Sonntag,,0
2021-07-19,178945,Juli,Montag,,1
2021-07-20,183878,Juli,Dienstag,,1
2021-07-21,185562,Juli,Mittwoch,,1
2021-07-22,186822,Juli,Donnerstag,,1
2021-07-23,182585,Juli,Freitag,,1
2021-07-24,148231,Juli,Samstag,,0
2021-07-25,132931,Juli,Sonntag,,0
2021-07-26,182907,Juli,Montag,,1
2021-07-27,187647,Juli,Dienstag,,1
2021-07-28,184550,Juli,Mittwoch,,1
2021-07-29,180267,Juli,Donnerstag,,1
2021-07-30,176930,Juli,Freitag,,1
2021-07-31,142842,Juli,Samstag,,0
2021-08-01,128451,August,Sonntag,,0
2021-08-02,169754,August,Montag,,1
2021-08-03,174071,August,Dienstag,,1
2021-08-04,171961,August,Mittwoch,,1
2021-08-05,169184,August,Donnerstag,,1
2021-08-06,167371,August,Freitag,,1
2021-08-07,135425,August,Samstag,,0
2021-08-08,119860,August,Sonntag,,0
2021-08-09,157928,August,Montag,,1
2021-08-10,162894,August,Dienstag,,1
2021-08-11,165211,August,Mittwoch,,1
2021-08-12,166114,August,Donnerstag,,1
2021-08-13,166279,August,Freitag,,1
2021-08-14,139298,August,Samstag,,0
2021-08-15,128672,August,Sonntag,,0
2021-08-16,166451,August,Montag,,1
2021-08-17,164512,August,Dienstag,,1
2021-08-18,166299,August,Mittwoch,,1
2021-08-19,168886,August,Donnerstag,,1
2021-08-20,164679,August,Freitag,,1
2021-08-21,137287,August,Samstag,,0
2021-08-22,124606,August,Sonntag,,0
2021-08-23,168460,August,Montag,,1
2021-08-24,176630,August,Dienstag,,1
2021-08-25,175628,August,Mittwoch,,1
2021-08-26,176419,August,Donnerstag,,1
2021-08-27,174359,August,Freitag,,1
2021-08-28,140483,August,Samstag,,0
2021-08-29,130834,August,Sonntag,,0
2021-08-30,179559,August,Montag,,1
2021-08-31,187846,August,Dienstag,,1
2021-09-01,185241,September,Mittwoch,,1
2021-09-02,182603,September,Donnerstag,,1
2021-09-03,180077,September,Freitag,,1
2021-09-04,143462,September,Samstag,,0
2021-09-05,130446,September,Sonntag,,0
2021-09-06,184250,September,Montag,,1
2021-09-07,189329,September,Dienstag,,1
2021-09-08,192252,September,Mittwoch,,1
2021-09-09,192673,September,Donnerstag,,1
2021-09-10,189053,September,Freitag,,1
2021-09-11,155616,September,Samstag,,0
2021-09-12,136085,September,Sonntag,,0
2021-09-13,189184,September,Montag,,1
2021-09-14,197361,September,Dienstag,,1
2021-09-15,200588,September,Mittwoch,,1
2021-09-16,197825,September,Donnerstag,,1
2021-09-17,189112,September,Freitag,,1
2021-09-18,154048,September,Samstag,,0
2021-09-19,137961,September,Sonntag,,0
2021-09-20,187846,September,Montag,,1
2021-09-21,194196,September,Dienstag,,1
2021-09-22,192614,September,Mittwoch,,1
2021-09-23,188819,September,Donnerstag,,1
2021-09-24,189804,September,Freitag,,1
2021-09-25,156532,September,Samstag,,0
2021-09-26,142829,September,Sonntag,,0
2021-09-27,192949,September,Montag,,1
2021-09-28,195825,September,Dienstag,,1
2021-09-29,196193,September,Mittwoch,,1
2021-09-30,192831,September,Donnerstag,,1
2021-10-01,187968,Oktober,Freitag,,1
2021-10-02,150077,Oktober,Samstag,,0
2021-10-03,137145,Oktober,Sonntag,Tag der Deutschen Einheit,0
2021-10-04,194783,Oktober,Montag,,1
2021-10-05,201402,Oktober,Dienstag,,1
2021-10-06,198822,Oktober,Mittwoch,,1
2021-10-07,202666,Oktober,Donnerstag,,1
2021-10-08,199015,Oktober,Freitag,,1
2021-10-09,153478,Oktober,Samstag,,0
2021-10-10,143483,Oktober,Sonntag,,0
2021-10-11,200150,Oktober,Montag,,1
2021-10-12,208537,Oktober,Dienstag,,1
2021-10-13,207542,Oktober,Mittwoch,,1
2021-10-14,203721,Oktober,Donnerstag,,1
2021-10-15,196865,Oktober,Freitag,,1
2021-10-16,162599,Oktober,Samstag,,0
2021-10-17,153019,Oktober,Sonntag,,0
2021-10-18,200378,Oktober,Montag,,1
2021-10-19,204172,Oktober,Dienstag,,1
2021-10-20,201377,Oktober,Mittwoch,,1
2021-10-21,197765,Oktober,Donnerstag,,1
2021-10-22,195276,Oktober,Freitag,,1
2021-10-23,160107,Oktober,Samstag,,0
2021-10-24,148267,Oktober,Sonntag,,0
2021-10-25,198711,Oktober,Montag,,1
2021-10-26,204786,Oktober,Dienstag,,1
2021-10-27,201747,Oktober,Mittwoch,,1
2021-10-28,201733,Oktober,Donnerstag,,1
2021-10-29,196760,Oktober,Freitag,,1
2021-10-30,162514,Oktober,Samstag,,0
2021-10-31,146896,Oktober,Sonntag,,0
2021-11-01,148336,November,Montag,Aller Heiligen,0
2021-11-02,195771,November,Dienstag,,1
2021-11-03,204249,November,Mittwoch,,1
2021-11-04,207026,November,Donnerstag,,1
2021-11-05,202580,November,Freitag,,1
2021-11-06,168958,November,Samstag,,0
2021-11-07,156338,November,Sonntag,,0
2021-11-08,202170,November,Montag,,1
2021-11-09,210845,November,Dienstag,,1
2021-11-10,212472,November,Mittwoch,,1
2021-11-11,211963,November,Donnerstag,,1
2021-11-12,209475,November,Freitag,,1
2021-11-13,173481,November,Samstag,,0
2021-11-14,156394,November,Sonntag,,0
2021-11-15,207315,November,Montag,,1
2021-11-16,215945,November,Dienstag,,1
2021-11-17,220370,November,Mittwoch,,1
2021-11-18,216200,November,Donnerstag,,1
2021-11-19,207575,November,Freitag,,1
2021-11-20,168973,November,Samstag,,0
2021-11-21,161508,November,Sonntag,,0
2021-11-22,212596,November,Montag,,1
2021-11-23,219421,November,Dienstag,,1
2021-11-24,221918,November,Mittwoch,,1
2021-11-25,223683,November,Donnerstag,,1
2021-11-26,218319,November,Freitag,,1
2021-11-27,183181,November,Samstag,,0
2021-11-28,171218,November,Sonntag,,0
2021-11-29,220578,November,Montag,,1
2021-11-30,231130,November,Dienstag,,1
2021-12-01,225941,Dezember,Mittwoch,,1
2021-12-02,225257,Dezember,Donnerstag,,1
2021-12-03,212041,Dezember,Freitag,,1
2021-12-04,176028,Dezember,Samstag,,0
2021-12-05,160239,Dezember,Sonntag,,0
2021-12-06,213304,Dezember,Montag,,1
2021-12-07,218972,Dezember,Dienstag,,1
2021-12-08,218638,Dezember,Mittwoch,,1
2021-12-09,216438,Dezember,Donnerstag,,1
2021-12-10,215277,Dezember,Freitag,,1
2021-12-11,180138,Dezember,Samstag,,0
2021-12-12,161895,Dezember,Sonntag,,0
2021-12-13,209462,Dezember,Montag,,1
2021-12-14,211988,Dezember,Dienstag,,1
2021-12-15,213038,Dezember,Mittwoch,,1
2021-12-16,211657,Dezember,Donnerstag,,1
2021-12-17,200994,Dezember,Freitag,,1
2021-12-18,167096,Dezember,Samstag,,0
2021-12-19,161782,Dezember,Sonntag,,0
2021-12-20,202954,Dezember,Montag,,1
2021-12-21,208005,Dezember,Dienstag,,1
2021-12-22,203472,Dezember,Mittwoch,,1
2021-12-23,188233,Dezember,Donnerstag,,1
2021-12-24,150890,Dezember,Freitag,,1
2021-12-25,137604,Dezember,Samstag,Erster Weihnachtsfeiertag,0
2021-12-26,138335,Dezember,Sonntag,Zweiter Weihnachtsfeiertag,0
2021-12-27,153489,Dezember,Montag,,1
2021-12-28,155182,Dezember,Dienstag,,1
2021-12-29,153611,Dezember,Mittwoch,,1
2021-12-30,148126,Dezember,Donnerstag,,1
2021-12-31,137327,Dezember,Freitag,,1
