datum,wochentag,feiertag,arbeitstag
2015-01-01,Donnerstag,Neujahr,0
2015-01-02,Freitag,,1
2015-01-03,Samstag,,0
2015-01-04,Sonntag,,0
2015-01-05,Montag,,1
2015-01-06,Dienstag,Heilige Drei Koenige,0
2015-01-07,Mittwoch,,1
2015-01-08,Donnerstag,,1
2015-01-09,Freitag,,1
2015-01-10,Samstag,,0
2015-01-11,Sonntag,,0
2015-01-12,Montag,,1
2015-01-13,Dienstag,,1
2015-01-14,Mittwoch,,1
2015-01-15,Donnerstag,,1
2015-01-16,Freitag,,1
2015-01-17,Samstag,,0
2015-01-18,Sonntag,,0
2015-01-19,Montag,,1
2015-01-20,Dienstag,,1
2015-01-21,Mittwoch,,1
2015-01-22,Donnerstag,,1
2015-01-23,Freitag,,1
2015-01-24,Samstag,,0
2015-01-25,Sonntag,,0
2015-01-26,Montag,,1
2015-01-27,Dienstag,,1
2015-01-28,Mittwoch,,1
2015-01-29,Donnerstag,,1
2015-01-30,Freitag,,1
2015-01-31,Samstag,,0
2015-02-01,Sonntag,,0
2015-02-02,Montag,,1
2015-02-03,Dienstag,,1
2015-02-04,Mittwoch,,1
2015-02-05,Donnerstag,,1
2015-02-06,Freitag,,1
2015-02-07,Samstag,,0
2015-02-08,Sonntag,,0
2015-02-09,Montag,,1
2015-02-10,Dienstag,,1
2015-02-11,Mittwoch,,1
2015-02-12,Donnerstag,,1
2015-02-13,Freitag,,1
2015-02-14,Samstag,,0
2015-02-15,Sonntag,,0
2015-02-16,Montag,,1
2015-02-17,Dienstag,,1
2015-02-18,Mittwoch,,1
2015-02-19,Donnerstag,,1
2015-02-20,Freitag,,1
2015-02-21,Samstag,,0
2015-02-22,Sonntag,,0
2015-02-23,Montag,,1
2015-02-24,Dienstag,,1
2015-02-25,Mittwoch,,1
2015-02-26,Donnerstag,,1
2015-02-27,Freitag,,1
2015-02-28,Samstag,,0
2015-03-01,Sonntag,,0
2015-03-02,Montag,,1
2015-03-03,Dienstag,,1
2015-03-04,Mittwoch,,1
2015-03-05,Donnerstag,,1
2015-03-06,Freitag,,1
2015-03-07,Samstag,,0
2015-03-08,Sonntag,,0
2015-03-09,Montag,,1
2015-03-10,Dienstag,,1
2015-03-11,Mittwoch,,1
2015-03-12,Donnerstag,,1
2015-03-13,Freitag,,1
2015-03-14,Samstag,,0
2015-03-15,Sonntag,,0
2015-03-16,Montag,,1
2015-03-17,Dienstag,,1
2015-03-18,Mittwoch,,1
2015-03-19,Donnerstag,,1
2015-03-20,Freitag,,1
2015-03-21,Samstag,,0
2015-03-22,Sonntag,,0
2015-03-23,Montag,,1
2015-03-24,Dienstag,,1
2015-03-25,Mittwoch,,1
2015-03-26,Donnerstag,,1
2015-03-27,Freitag,,1
2015-03-28,Samstag,,0
2015-03-29,Sonntag,,0
2015-03-30,Montag,,1
2015-03-31,Dienstag,,1
2015-04-01,Mittwoch,,1
2015-04-02,Donnerstag,,1
2015-04-03,Freitag,Karfreitag,0
2015-04-04,Samstag,,0
2015-04-05,Sonntag,,0
2015-04-06,Montag,Ostermontag,0
2015-04-07,Dienstag,,1
2015-04-08,Mittwoch,,1
2015-04-09,Donnerstag,,1
2015-04-10,Freitag,,1
2015-04-11,Samstag,,0
2015-04-12,Sonntag,,0
2015-04-13,Montag,,1
2015-04-14,Dienstag,,1
2015-04-15,Mittwoch,,1
2015-04-16,Donnerstag,,1
2015-04-17,Freitag,,1
2015-04-18,Samstag,,0
2015-04-19,Sonntag,,0
2015-04-20,Montag,,1
2015-04-21,Dienstag,,1
2015-04-22,Mittwoch,,1
2015-04-23,Donnerstag,,1
2015-04-24,Freitag,,1
2015-04-25,Samstag,,0
2015-04-26,Sonntag,,0
2015-04-27,Montag,,1
2015-04-28,Dienstag,,1
2015-04-29,Mittwoch,,1
2015-04-30,Donnerstag,,1
2015-05-01,Freitag,Erster Mai,0
2015-05-02,Samstag,,0
2015-05-03,Sonntag,,0
2015-05-04,Montag,,1
2015-05-05,Dienstag,,1
2015-05-06,Mittwoch,,1
2015-05-07,Donnerstag,,1
2015-05-08,Freitag,,1
2015-05-09,Samstag,,0
2015-05-10,Sonntag,,0
2015-05-11,Montag,,1
2015-05-12,Dienstag,,1
2015-05-13,Mittwoch,,1
2015-05-14,Donnerstag,Christi Himmelfahrt,0
2015-05-15,Freitag,,1
2015-05-16,Samstag,,0
2015-05-17,Sonntag,,0
2015-05-18,Montag,,1
2015-05-19,Dienstag,,1
2015-05-20,Mittwoch,,1
2015-05-21,Donnerstag,,1
2015-05-22,Freitag,,1
2015-05-23,Samstag,,0
2015-05-24,Sonntag,,0
2015-05-25,Montag,Pfingstmontag,0
2015-05-26,Dienstag,,1
2015-05-27,Mittwoch,,1
2015-05-28,Donnerstag,,1
2015-05-29,Freitag,,1
2015-05-30,Samstag,,0
2015-05-31,Sonntag,,0
2015-06-01,Montag,,1
2015-06-02,Dienstag,,1
2015-06-03,Mittwoch,,1
2015-06-04,Donnerstag,Fronleichnam,0
2015-06-05,Freitag,,1
2015-06-06,Samstag,,0
2015-06-07,Sonntag,,0
2015-06-08,Montag,,1
2015-06-09,Dienstag,,1
2015-06-10,Mittwoch,,1
2015-06-11,Donnerstag,,1
2015-06-12,Freitag,,1
2015-06-13,Samstag,,0
2015-06-14,Sonntag,,0
2015-06-15,Montag,,1
2015-06-16,Dienstag,,1
2015-06-17,Mittwoch,,1
2015-06-18,Donnerstag,,1
2015-06-19,Freitag,,1
2015-06-20,Samstag,,0
2015-06-21,Sonntag,,0
2015-06-22,Montag,,1
2015-06-23,Dienstag,,1
2015-06-24,Mittwoch,,1
2015-06-25,Donnerstag,,1
2015-06-26,Freitag,,1
2015-06-27,Samstag,,0
2015-06-28,Sonntag,,0
2015-06-29,Montag,,1
2015-06-30,Dienstag,,1
2015-07-01,Mittwoch,,1
2015-07-02,Donnerstag,,1
2015-07-03,Freitag,,1
2015-07-04,Samstag,,0
2015-07-05,Sonntag,,0
2015-07-06,Montag,,1
2015-07-07,Dienstag,,1
2015-07-08,Mittwoch,,1
2015-07-09,Donnerstag,,1
2015-07-10,Freitag,,1
2015-07-11,Samstag,,0
2015-07-12,Sonntag,,0
2015-07-13,Montag,,1
2015-07-14,Dienstag,,1
2015-07-15,Mittwoch,,1
2015-07-16,Donnerstag,,1
2015-07-17,Freitag,,1
2015-07-18,Samstag,,0
2015-07-19,Sonntag,,0
2015-07-20,Montag,,1
2015-07-21,Dienstag,,1
2015-07-22,Mittwoch,,1
2015-07-23,Donnerstag,,1
2015-07-24,Freitag,,1
2015-07-25,Samstag,,0
2015-07-26,Sonntag,,0
2015-07-27,Montag,,1
2015-07-28,Dienstag,,1
2015-07-29,Mittwoch,,1
2015-07-30,Donnerstag,,1
2015-07-31,Freitag,,1
2015-08-01,Samstag,,0
2015-08-02,Sonntag,,0
2015-08-03,Montag,,1
2015-08-04,Dienstag,,1
2015-08-05,Mittwoch,,1
2015-08-06,Donnerstag,,1
2015-08-07,Freitag,,1
2015-08-08,Samstag,,0
2015-08-09,Sonntag,,0
2015-08-10,Montag,,1
2015-08-11,Dienstag,,1
2015-08-12,Mittwoch,,1
2015-08-13,Donnerstag,,1
2015-08-14,Freitag,,1
2015-08-15,Samstag,,0
2015-08-16,Sonntag,,0
2015-08-17,Montag,,1
2015-08-18,Dienstag,,1
2015-08-19,Mittwoch,,1
2015-08-20,Donnerstag,,1
2015-08-21,Freitag,,1
2015-08-22,Samstag,,0
2015-08-23,Sonntag,,0
2015-08-24,Montag,,1
2015-08-25,Dienstag,,1
2015-08-26,Mittwoch,,1
2015-08-27,Donnerstag,,1
2015-08-28,Freitag,,1
2015-08-29,Samstag,,0
2015-08-30,Sonntag,,0
2015-08-31,Montag,,1
2015-09-01,Dienstag,,1
2015-09-02,Mittwoch,,1
2015-09-03,Donnerstag,,1
2015-09-04,Freitag,,1
2015-09-05,Samstag,,0
2015-09-06,Sonntag,,0
2015-09-07,Montag,,1
2015-09-08,Dienstag,,1
2015-09-09,Mittwoch,,1
2015-09-10,Donnerstag,,1
2015-09-11,Freitag,,1
2015-09-12,Samstag,,0
2015-09-13,Sonntag,,0
2015-09-14,Montag,,1
2015-09-15,Dienstag,,1
2015-09-16,Mittwoch,,1
2015-09-17,Donnerstag,,1
2015-09-18,Freitag,,1
2015-09-19,Samstag,,0
2015-09-20,Sonntag,,0
2015-09-21,Montag,,1
2015-09-22,Dienstag,,1
2015-09-23,Mittwoch,,1
2015-09-24,Donnerstag,,1
2015-09-25,Freitag,,1
2015-09-26,Samstag,,0
2015-09-27,Sonntag,,0
2015-09-28,Montag,,1
2015-09-29,Dienstag,,1
2015-09-30,Mittwoch,,1
2015-10-01,Donnerstag,,1
2015-10-02,Freitag,,1
2015-10-03,Samstag,Tag der Deutschen Einheit,0
2015-10-04,Sonntag,,0
2015-10-05,Montag,,1
2015-10-06,Dienstag,,1
2015-10-07,Mittwoch,,1
2015-10-08,Donnerstag,,1
2015-10-09,Freitag,,1
2015-10-10,Samstag,,0
2015-10-11,Sonntag,,0
2015-10-12,Montag,,1
2015-10-13,Dienstag,,1
2015-10-14,Mittwoch,,1
2015-10-15,Donnerstag,,1
2015-10-16,Freitag,,1
2015-10-17,Samstag,,0
2015-10-18,Sonntag,,0
2015-10-19,Montag,,1
2015-10-20,Dienstag,,1
2015-10-21,Mittwoch,,1
2015-10-22,Donnerstag,,1
2015-10-23,Freitag,,1
2015-10-24,Samstag,,0
2015-10-25,Sonntag,,0
2015-10-26,Montag,,1
2015-10-27,Dienstag,,1
2015-10-28,Mittwoch,,1
2015-10-29,Donnerstag,,1
2015-10-30,Freitag,,1
2015-10-31,Samstag,,0
2015-11-01,Sonntag,Allerheiligen,0
2015-11-02,Montag,,1
2015-11-03,Dienstag,,1
2015-11-04,Mittwoch,,1
2015-11-05,Donnerstag,,1
2015-11-06,Freitag,,1
2015-11-07,Samstag,,0
2015-11-08,Sonntag,,0
2015-11-09,Montag,,1
2015-11-10,Dienstag,,1
2015-11-11,Mittwoch,,1
2015-11-12,Donnerstag,,1
2015-11-13,Freitag,,1
2015-11-14,Samstag,,0
2015-11-15,Sonntag,,0
2015-11-16,Montag,,1
2015-11-17,Dienstag,,1
2015-11-18,Mittwoch,,1
2015-11-19,Donnerstag,,1
2015-11-20,Freitag,,1
2015-11-21,Samstag,,0
2015-11-22,Sonntag,,0
2015-11-23,Montag,,1
2015-11-24,Dienstag,,1
2015-11-25,Mittwoch,,1
2015-11-26,Donnerstag,,1
2015-11-27,Freitag,,1
2015-11-28,Samstag,,0
2015-11-29,Sonntag,,0
2015-11-30,Montag,,1
2015-12-01,Dienstag,,1
2015-12-02,Mittwoch,,1
2015-12-03,Donnerstag,,1
2015-12-04,Freitag,,1
2015-12-05,Samstag,,0
2015-12-06,Sonntag,,0
2015-12-07,Montag,,1
2015-12-08,Dienstag,,1
2015-12-09,Mittwoch,,1
2015-12-10,Donnerstag,,1
2015-12-11,Freitag,,1
2015-12-12,Samstag,,0
2015-12-13,Sonntag,,0
2015-12-14,Montag,,1
2015-12-15,Dienstag,,1
2015-12-16,Mittwoch,,1
2015-12-17,Donnerstag,,1
2015-12-18,Freitag,,1
2015-12-19,Samstag,,0
2015-12-20,Sonntag,,0
2015-12-21,Montag,,1
2015-12-22,Dienstag,,1
2015-12-23,Mittwoch,,1
2015-12-24,Donnerstag,,1
2015-12-25,Freitag,Erster Weihnachtsfeiertag,0
2015-12-26,Samstag,Zweiter Weihnachtsfeiertag,0
2015-12-27,Sonntag,,0
2015-12-28,Montag,,1
2015-12-29,Dienstag,,1
2015-12-30,Mittwoch,,1
2015-12-31,Donnerstag,,1
2016-01-01,Freitag,Neujahr,0
2016-01-02,Samstag,,0
2016-01-03,Sonntag,,0
2016-01-04,Montag,,1
2016-01-05,Dienstag,,1
2016-01-06,Mittwoch,Heilige Drei Koenige,0
2016-01-07,Donnerstag,,1
2016-01-08,Freitag,,1
2016-01-09,Samstag,,0
2016-01-10,Sonntag,,0
2016-01-11,Montag,,1
2016-01-12,Dienstag,,1
2016-01-13,Mittwoch,,1
2016-01-14,Donnerstag,,1
2016-01-15,Freitag,,1
2016-01-16,Samstag,,0
2016-01-17,Sonntag,,0
2016-01-18,Montag,,1
2016-01-19,Dienstag,,1
2016-01-20,Mittwoch,,1
2016-01-21,Donnerstag,,1
2016-01-22,Freitag,,1
2016-01-23,Samstag,,0
2016-01-24,Sonntag,,0
2016-01-25,Montag,,1
2016-01-26,Dienstag,,1
2016-01-27,Mittwoch,,1
2016-01-28,Donnerstag,,1
2016-01-29,Freitag,,1
2016-01-30,Samstag,,0
2016-01-31,Sonntag,,0
2016-02-01,Montag,,1
2016-02-02,Dienstag,,1
2016-02-03,Mittwoch,,1
2016-02-04,Donnerstag,,1
2016-02-05,Freitag,,1
2016-02-06,Samstag,,0
2016-02-07,Sonntag,,0
2016-02-08,Montag,,1
2016-02-09,Dienstag,,1
2016-02-10,Mittwoch,,1
2016-02-11,Donnerstag,,1
2016-02-12,Freitag,,1
2016-02-13,Samstag,,0
2016-02-14,Sonntag,,0
2016-02-15,Montag,,1
2016-02-16,Dienstag,,1
2016-02-17,Mittwoch,,1
2016-02-18,Donnerstag,,1
2016-02-19,Freitag,,1
2016-02-20,Samstag,,0
2016-02-21,Sonntag,,0
2016-02-22,Montag,,1
2016-02-23,Dienstag,,1
2016-02-24,Mittwoch,,1
2016-02-25,Donnerstag,,1
2016-02-26,Freitag,,1
2016-02-27,Samstag,,0
2016-02-28,Sonntag,,0
2016-02-29,Montag,,1
2016-03-01,Dienstag,,1
2016-03-02,Mittwoch,,1
2016-03-03,Donnerstag,,1
2016-03-04,Freitag,,1
2016-03-05,Samstag,,0
2016-03-06,Sonntag,,0
2016-03-07,Montag,,1
2016-03-08,Dienstag,,1
2016-03-09,Mittwoch,,1
2016-03-10,Donnerstag,,1
2016-03-11,Freitag,,1
2016-03-12,Samstag,,0
2016-03-13,Sonntag,,0
2016-03-14,Montag,,1
2016-03-15,Dienstag,,1
2016-03-16,Mittwoch,,1
2016-03-17,Donnerstag,,1
2016-03-18,Freitag,,1
2016-03-19,Samstag,,0
2016-03-20,Sonntag,,0
2016-03-21,Montag,,1
2016-03-22,Dienstag,,1
2016-03-23,Mittwoch,,1
2016-03-24,Donnerstag,,1
2016-03-25,Freitag,Karfreitag,0
2016-03-26,Samstag,,0
2016-03-27,Sonntag,,0
2016-03-28,Montag,Ostermontag,0
2016-03-29,Dienstag,,1
2016-03-30,Mittwoch,,1
2016-03-31,Donnerstag,,1
2016-04-01,Freitag,,1
2016-04-02,Samstag,,0
2016-04-03,Sonntag,,0
2016-04-04,Montag,,1
2016-04-05,Dienstag,,1
2016-04-06,Mittwoch,,1
2016-04-07,Donnerstag,,1
2016-04-08,Freitag,,1
2016-04-09,Samstag,,0
2016-04-10,Sonntag,,0
2016-04-11,Montag,,1
2016-04-12,Dienstag,,1
2016-04-13,Mittwoch,,1
2016-04-14,Donnerstag,,1
2016-04-15,Freitag,,1
2016-04-16,Samstag,,0
2016-04-17,Sonntag,,0
2016-04-18,Montag,,1
2016-04-19,Dienstag,,1
2016-04-20,Mittwoch,,1
2016-04-21,Donnerstag,,1
2016-04-22,Freitag,,1
2016-04-23,Samstag,,0
2016-04-24,Sonntag,,0
2016-04-25,Montag,,1
2016-04-26,Dienstag,,1
2016-04-27,Mittwoch,,1
2016-04-28,Donnerstag,,1
2016-04-29,Freitag,,1
2016-04-30,Samstag,,0
2016-05-01,Sonntag,Erster Mai,0
2016-05-02,Montag,,1
2016-05-03,Dienstag,,1
2016-05-04,Mittwoch,,1
2016-05-05,Donnerstag,Christi Himmelfahrt,0
2016-05-06,Freitag,,1
2016-05-07,Samstag,,0
2016-05-08,Sonntag,,0
2016-05-09,Montag,,1
2016-05-10,Dienstag,,1
2016-05-11,Mittwoch,,1
2016-05-12,Donnerstag,,1
2016-05-13,Freitag,,1
2016-05-14,Samstag,,0
2016-05-15,Sonntag,,0
2016-05-16,Montag,Pfingstmontag,0
2016-05-17,Dienstag,,1
2016-05-18,Mittwoch,,1
2016-05-19,Donnerstag,,1
2016-05-20,Freitag,,1
2016-05-21,Samstag,,0
2016-05-22,Sonntag,,0
2016-05-23,Montag,,1
2016-05-24,Dienstag,,1
2016-05-25,Mittwoch,,1
2016-05-26,Donnerstag,Fronleichnam,0
2016-05-27,Freitag,,1
2016-05-28,Samstag,,0
2016-05-29,Sonntag,,0
2016-05-30,Montag,,1
2016-05-31,Dienstag,,1
2016-06-01,Mittwoch,,1
2016-06-02,Donnerstag,,1
2016-06-03,Freitag,,1
2016-06-04,Samstag,,0
2016-06-05,Sonntag,,0
2016-06-06,Montag,,1
2016-06-07,Dienstag,,1
2016-06-08,Mittwoch,,1
2016-06-09,Donnerstag,,1
2016-06-10,Freitag,,1
2016-06-11,Samstag,,0
2016-06-12,Sonntag,,0
2016-06-13,Montag,,1
2016-06-14,Dienstag,,1
2016-06-15,Mittwoch,,1
2016-06-16,Donnerstag,,1
2016-06-17,Freitag,,1
2016-06-18,Samstag,,0
2016-06-19,Sonntag,,0
2016-06-20,Montag,,1
2016-06-21,Dienstag,,1
2016-06-22,Mittwoch,,1
2016-06-23,Donnerstag,,1
2016-06-24,Freitag,,1
2016-06-25,Samstag,,0
2016-06-26,Sonntag,,0
2016-06-27,Montag,,1
2016-06-28,Dienstag,,1
2016-06-29,Mittwoch,,1
2016-06-30,Donnerstag,,1
2016-07-01,Freitag,,1
2016-07-02,Samstag,,0
2016-07-03,Sonntag,,0
2016-07-04,Montag,,1
2016-07-05,Dienstag,,1
2016-07-06,Mittwoch,,1
2016-07-07,Donnerstag,,1
2016-07-08,Freitag,,1
2016-07-09,Samstag,,0
2016-07-10,Sonntag,,0
2016-07-11,Montag,,1
2016-07-12,Dienstag,,1
2016-07-13,Mittwoch,,1
2016-07-14,Donnerstag,,1
2016-07-15,Freitag,,1
2016-07-16,Samstag,,0
2016-07-17,Sonntag,,0
2016-07-18,Montag,,1
2016-07-19,Dienstag,,1
2016-07-20,Mittwoch,,1
2016-07-21,Donnerstag,,1
2016-07-22,Freitag,,1
2016-07-23,Samstag,,0
2016-07-24,Sonntag,,0
2016-07-25,Montag,,1
2016-07-26,Dienstag,,1
2016-07-27,Mittwoch,,1
2016-07-28,Donnerstag,,1
2016-07-29,Freitag,,1
2016-07-30,Samstag,,0
2016-07-31,Sonntag,,0
2016-08-01,Montag,,1
2016-08-02,Dienstag,,1
2016-08-03,Mittwoch,,1
2016-08-04,Donnerstag,,1
2016-08-05,Freitag,,1
2016-08-06,Samstag,,0
2016-08-07,Sonntag,,0
2016-08-08,Montag,,1
2016-08-09,Dienstag,,1
2016-08-10,Mittwoch,,1
2016-08-11,Donnerstag,,1
2016-08-12,Freitag,,1
2016-08-13,Samstag,,0
2016-08-14,Sonntag,,0
2016-08-15,Montag,,1
2016-08-16,Dienstag,,1
2016-08-17,Mittwoch,,1
2016-08-18,Donnerstag,,1
2016-08-19,Freitag,,1
2016-08-20,Samstag,,0
2016-08-21,Sonntag,,0
2016-08-22,Montag,,1
2016-08-23,Dienstag,,1
2016-08-24,Mittwoch,,1
2016-08-25,Donnerstag,,1
2016-08-26,Freitag,,1
2016-08-27,Samstag,,0
2016-08-28,Sonntag,,0
2016-08-29,Montag,,1
2016-08-30,Dienstag,,1
2016-08-31,Mittwoch,,1
2016-09-01,Donnerstag,,1
2016-09-02,Freitag,,1
2016-09-03,Samstag,,0
2016-09-04,Sonntag,,0
2016-09-05,Montag,,1
2016-09-06,Dienstag,,1
2016-09-07,Mittwoch,,1
2016-09-08,Donnerstag,,1
2016-09-09,Freitag,,1
2016-09-10,Samstag,,0
2016-09-11,Sonntag,,0
2016-09-12,Montag,,1
2016-09-13,Dienstag,,1
2016-09-14,Mittwoch,,1
2016-09-15,Donnerstag,,1
2016-09-16,Freitag,,1
2016-09-17,Samstag,,0
2016-09-18,Sonntag,,0
2016-09-19,Montag,,1
2016-09-20,Dienstag,,1
2016-09-21,Mittwoch,,1
2016-09-22,Donnerstag,,1
2016-09-23,Freitag,,1
2016-09-24,Samstag,,0
2016-09-25,Sonntag,,0
2016-09-26,Montag,,1
2016-09-27,Dienstag,,1
2016-09-28,Mittwoch,,1
2016-09-29,Donnerstag,,1
2016-09-30,Freitag,,1
2016-10-01,Samstag,,0
2016-10-02,Sonntag,,0
2016-10-03,Montag,Tag der Deutschen Einheit,0
2016-10-04,Dienstag,,1
2016-10-05,Mittwoch,,1
2016-10-06,Donnerstag,,1
2016-10-07,Freitag,,1
2016-10-08,Samstag,,0
2016-10-09,Sonntag,,0
2016-10-10,Montag,,1
2016-10-11,Dienstag,,1
2016-10-12,Mittwoch,,1
2016-10-13,Donnerstag,,1
2016-10-14,Freitag,,1
2016-10-15,Samstag,,0
2016-10-16,Sonntag,,0
2016-10-17,Montag,,1
2016-10-18,Dienstag,,1
2016-10-19,Mittwoch,,1
2016-10-20,Donnerstag,,1
2016-10-21,Freitag,,1
2016-10-22,Samstag,,0
2016-10-23,Sonntag,,0
2016-10-24,Montag,,1
2016-10-25,Dienstag,,1
2016-10-26,Mittwoch,,1
2016-10-27,Donnerstag,,1
2016-10-28,Freitag,,1
2016-10-29,Samstag,,0
2016-10-30,Sonntag,,0
2016-10-31,Montag,,1
2016-11-01,Dienstag,Allerheiligen,0
2016-11-02,Mittwoch,,1
2016-11-03,Donnerstag,,1
2016-11-04,Freitag,,1
2016-11-05,Samstag,,0
2016-11-06,Sonntag,,0
2016-11-07,Montag,,1
2016-11-08,Dienstag,,1
2016-11-09,Mittwoch,,1
2016-11-10,Donnerstag,,1
2016-11-11,Freitag,,1
2016-11-12,Samstag,,0
2016-11-13,Sonntag,,0
2016-11-14,Montag,,1
2016-11-15,Dienstag,,1
2016-11-16,Mittwoch,,1
2016-11-17,Donnerstag,,1
2016-11-18,Freitag,,1
2016-11-19,Samstag,,0
2016-11-20,Sonntag,,0
2016-11-21,Montag,,1
2016-11-22,Dienstag,,1
2016-11-23,Mittwoch,,1
2016-11-24,Donnerstag,,1
2016-11-25,Freitag,,1
2016-11-26,Samstag,,0
2016-11-27,Sonntag,,0
2016-11-28,Montag,,1
2016-11-29,Dienstag,,1
2016-11-30,Mittwoch,,1
2016-12-01,Donnerstag,,1
2016-12-02,Freitag,,1
2016-12-03,Samstag,,0
2016-12-04,Sonntag,,0
2016-12-05,Montag,,1
2016-12-06,Dienstag,,1
2016-12-07,Mittwoch,,1
2016-12-08,Donnerstag,,1
2016-12-09,Freitag,,1
2016-12-10,Samstag,,0
2016-12-11,Sonntag,,0
2016-12-12,Montag,,1
2016-12-13,Dienstag,,1
2016-12-14,Mittwoch,,1
2016-12-15,Donnerstag,,1
2016-12-16,Freitag,,1
2016-12-17,Samstag,,0
2016-12-18,Sonntag,,0
2016-12-19,Montag,,1
2016-12-20,Dienstag,,1
2016-12-21,Mittwoch,,1
2016-12-22,Donnerstag,,1
2016-12-23,Freitag,,1
2016-12-24,Samstag,,0
2016-12-25,Sonntag,Erster Weihnachtsfeiertag,0
2016-12-26,Montag,Zweiter Weihnachtsfeiertag,0
2016-12-27,Dienstag,,1
2016-12-28,Mittwoch,,1
2016-12-29,Donnerstag,,1
2016-12-30,Freitag,,1
2016-12-31,Samstag,,0
2017-01-01,Sonntag,Neujahr,0
2017-01-02,Montag,,1
2017-01-03,Dienstag,,1
2017-01-04,Mittwoch,,1
2017-01-05,Donnerstag,,1
2017-01-06,Freitag,Heilige Drei Koenige,0
2017-01-07,Samstag,,0
2017-01-08,Sonntag,,0
2017-01-09,Montag,,1
2017-01-10,Dienstag,,1
2017-01-11,Mittwoch,,1
2017-01-12,Donnerstag,,1
2017-01-13,Freitag,,1
2017-01-14,Samstag,,0
2017-01-15,Sonntag,,0
2017-01-16,Montag,,1
2017-01-17,Dienstag,,1
2017-01-18,Mittwoch,,1
2017-01-19,Donnerstag,,1
2017-01-20,Freitag,,1
2017-01-21,Samstag,,0
2017-01-22,Sonntag,,0
2017-01-23,Montag,,1
2017-01-24,Dienstag,,1
2017-01-25,Mittwoch,,1
2017-01-26,Donnerstag,,1
2017-01-27,Freitag,,1
2017-01-28,Samstag,,0
2017-01-29,Sonntag,,0
2017-01-30,Montag,,1
2017-01-31,Dienstag,,1
2017-02-01,Mittwoch,,1
2017-02-02,Donnerstag,,1
2017-02-03,Freitag,,1
2017-02-04,Samstag,,0
2017-02-05,Sonntag,,0
2017-02-06,Montag,,1
2017-02-07,Dienstag,,1
2017-02-08,Mittwoch,,1
2017-02-09,Donnerstag,,1
2017-02-10,Freitag,,1
2017-02-11,Samstag,,0
2017-02-12,Sonntag,,0
2017-02-13,Montag,,1
2017-02-14,Dienstag,,1
2017-02-15,Mittwoch,,1
2017-02-16,Donnerstag,,1
2017-02-17,Freitag,,1
2017-02-18,Samstag,,0
2017-02-19,Sonntag,,0
2017-02-20,Montag,,1
2017-02-21,Dienstag,,1
2017-02-22,Mittwoch,,1
2017-02-23,Donnerstag,,1
2017-02-24,Freitag,,1
2017-02-25,Samstag,,0
2017-02-26,Sonntag,,0
2017-02-27,Montag,,1
2017-02-28,Dienstag,,1
2017-03-01,Mittwoch,,1
2017-03-02,Donnerstag,,1
2017-03-03,Freitag,,1
2017-03-04,Samstag,,0
2017-03-05,Sonntag,,0
2017-03-06,Montag,,1
2017-03-07,Dienstag,,1
2017-03-08,Mittwoch,,1
2017-03-09,Donnerstag,,1
2017-03-10,Freitag,,1
2017-03-11,Samstag,,0
2017-03-12,Sonntag,,0
2017-03-13,Montag,,1
2017-03-14,Dienstag,,1
2017-03-15,Mittwoch,,1
2017-03-16,Donnerstag,,1
2017-03-17,Freitag,,1
2017-03-18,Samstag,,0
2017-03-19,Sonntag,,0
2017-03-20,Montag,,1
2017-03-21,Dienstag,,1
2017-03-22,Mittwoch,,1
2017-03-23,Donnerstag,,1
2017-03-24,Freitag,,1
2017-03-25,Samstag,,0
2017-03-26,Sonntag,,0
2017-03-27,Montag,,1
2017-03-28,Dienstag,,1
2017-03-29,Mittwoch,,1
2017-03-30,Donnerstag,,1
2017-03-31,Freitag,,1
2017-04-01,Samstag,,0
2017-04-02,Sonntag,,0
2017-04-03,Montag,,1
2017-04-04,Dienstag,,1
2017-04-05,Mittwoch,,1
2017-04-06,Donnerstag,,1
2017-04-07,Freitag,,1
2017-04-08,Samstag,,0
2017-04-09,Sonntag,,0
2017-04-10,Montag,,1
2017-04-11,Dienstag,,1
2017-04-12,Mittwoch,,1
2017-04-13,Donnerstag,,1
2017-04-14,Freitag,Karfreitag,0
2017-04-15,Samstag,,0
2017-04-16,Sonntag,,0
2017-04-17,Montag,Ostermontag,0
2017-04-18,Dienstag,,1
2017-04-19,Mittwoch,,1
2017-04-20,Donnerstag,,1
2017-04-21,Freitag,,1
2017-04-22,Samstag,,0
2017-04-23,Sonntag,,0
2017-04-24,Montag,,1
2017-04-25,Dienstag,,1
2017-04-26,Mittwoch,,1
2017-04-27,Donnerstag,,1
2017-04-28,Freitag,,1
2017-04-29,Samstag,,0
2017-04-30,Sonntag,,0
2017-05-01,Montag,Erster Mai,0
2017-05-02,Dienstag,,1
2017-05-03,Mittwoch,,1
2017-05-04,Donnerstag,,1
2017-05-05,Freitag,,1
2017-05-06,Samstag,,0
2017-05-07,Sonntag,,0
2017-05-08,Montag,,1
2017-05-09,Dienstag,,1
2017-05-10,Mittwoch,,1
2017-05-11,Donnerstag,,1
2017-05-12,Freitag,,1
2017-05-13,Samstag,,0
2017-05-14,Sonntag,,0
2017-05-15,Montag,,1
2017-05-16,Dienstag,,1
2017-05-17,Mittwoch,,1
2017-05-18,Donnerstag,,1
2017-05-19,Freitag,,1
2017-05-20,Samstag,,0
2017-05-21,Sonntag,,0
2017-05-22,Montag,,1
2017-05-23,Dienstag,,1
2017-05-24,Mittwoch,,1
2017-05-25,Donnerstag,Christi Himmelfahrt,0
2017-05-26,Freitag,,1
2017-05-27,Samstag,,0
2017-05-28,Sonntag,,0
2017-05-29,Montag,,1
2017-05-30,Dienstag,,1
2017-05-31,Mittwoch,,1
2017-06-01,Donnerstag,,1
2017-06-02,Freitag,,1
2017-06-03,Samstag,,0
2017-06-04,Sonntag,,0
2017-06-05,Montag,Pfingstmontag,0
2017-06-06,Dienstag,,1
2017-06-07,Mittwoch,,1
2017-06-08,Donnerstag,,1
2017-06-09,Freitag,,1
2017-06-10,Samstag,,0
2017-06-11,Sonntag,,0
2017-06-12,Montag,,1
2017-06-13,Dienstag,,1
2017-06-14,Mittwoch,,1
2017-06-15,Donnerstag,Fronleichnam,0
2017-06-16,Freitag,,1
2017-06-17,Samstag,,0
2017-06-18,Sonntag,,0
2017-06-19,Montag,,1
2017-06-20,Dienstag,,1
2017-06-21,Mittwoch,,1
2017-06-22,Donnerstag,,1
2017-06-23,Freitag,,1
2017-06-24,Samstag,,0
2017-06-25,Sonntag,,0
2017-06-26,Montag,,1
2017-06-27,Dienstag,,1
2017-06-28,Mittwoch,,1
2017-06-29,Donnerstag,,1
2017-06-30,Freitag,,1
2017-07-01,Samstag,,0
2017-07-02,Sonntag,,0
2017-07-03,Montag,,1
2017-07-04,Dienstag,,1
2017-07-05,Mittwoch,,1
2017-07-06,Donnerstag,,1
2017-07-07,Freitag,,1
2017-07-08,Samstag,,0
2017-07-09,Sonntag,,0
2017-07-10,Montag,,1
2017-07-11,Dienstag,,1
2017-07-12,Mittwoch,,1
2017-07-13,Donnerstag,,1
2017-07-14,Freitag,,1
2017-07-15,Samstag,,0
2017-07-16,Sonntag,,0
2017-07-17,Montag,,1
2017-07-18,Dienstag,,1
2017-07-19,Mittwoch,,1
2017-07-20,Donnerstag,,1
2017-07-21,Freitag,,1
2017-07-22,Samstag,,0
2017-07-23,Sonntag,,0
2017-07-24,Montag,,1
2017-07-25,Dienstag,,1
2017-07-26,Mittwoch,,1
2017-07-27,Donnerstag,,1
2017-07-28,Freitag,,1
2017-07-29,Samstag,,0
2017-07-30,Sonntag,,0
2017-07-31,Montag,,1
2017-08-01,Dienstag,,1
2017-08-02,Mittwoch,,1
2017-08-03,Donnerstag,,1
2017-08-04,Freitag,,1
2017-08-05,Samstag,,0
2017-08-06,Sonntag,,0
2017-08-07,Montag,,1
2017-08-08,Dienstag,,1
2017-08-09,Mittwoch,,1
2017-08-10,Donnerstag,,1
2017-08-11,Freitag,,1
2017-08-12,Samstag,,0
2017-08-13,Sonntag,,0
2017-08-14,Montag,,1
2017-08-15,Dienstag,,1
2017-08-16,Mittwoch,,1
2017-08-17,Donnerstag,,1
2017-08-18,Freitag,,1
2017-08-19,Samstag,,0
2017-08-20,Sonntag,,0
2017-08-21,Montag,,1
2017-08-22,Dienstag,,1
2017-08-23,Mittwoch,,1
2017-08-24,Donnerstag,,1
2017-08-25,Freitag,,1
2017-08-26,Samstag,,0
2017-08-27,Sonntag,,0
2017-08-28,Montag,,1
2017-08-29,Dienstag,,1
2017-08-30,Mittwoch,,1
2017-08-31,Donnerstag,,1
2017-09-01,Freitag,,1
2017-09-02,Samstag,,0
2017-09-03,Sonntag,,0
2017-09-04,Montag,,1
2017-09-05,Dienstag,,1
2017-09-06,Mittwoch,,1
2017-09-07,Donnerstag,,1
2017-09-08,Freitag,,1
2017-09-09,Samstag,,0
2017-09-10,Sonntag,,0
2017-09-11,Montag,,1
2017-09-12,Dienstag,,1
2017-09-13,Mittwoch,,1
2017-09-14,Donnerstag,,1
2017-09-15,Freitag,,1
2017-09-16,Samstag,,0
2017-09-17,Sonntag,,0
2017-09-18,Montag,,1
2017-09-19,Dienstag,,1
2017-09-20,Mittwoch,,1
2017-09-21,Donnerstag,,1
2017-09-22,Freitag,,1
2017-09-23,Samstag,,0
2017-09-24,Sonntag,,0
2017-09-25,Montag,,1
2017-09-26,Dienstag,,1
2017-09-27,Mittwoch,,1
2017-09-28,Donnerstag,,1
2017-09-29,Freitag,,1
2017-09-30,Samstag,,0
2017-10-01,Sonntag,,0
2017-10-02,Montag,,1
2017-10-03,Dienstag,Tag der Deutschen Einheit,0
2017-10-04,Mittwoch,,1
2017-10-05,Donnerstag,,1
2017-10-06,Freitag,,1
2017-10-07,Samstag,,0
2017-10-08,Sonntag,,0
2017-10-09,Montag,,1
2017-10-10,Dienstag,,1
2017-10-11,Mittwoch,,1
2017-10-12,Donnerstag,,1
2017-10-13,Freitag,,1
2017-10-14,Samstag,,0
2017-10-15,Sonntag,,0
2017-10-16,Montag,,1
2017-10-17,Dienstag,,1
2017-10-18,Mittwoch,,1
2017-10-19,Donnerstag,,1
2017-10-20,Freitag,,1
2017-10-21,Samstag,,0
2017-10-22,Sonntag,,0
2017-10-23,Montag,,1
2017-10-24,Dienstag,,1
2017-10-25,Mittwoch,,1
2017-10-26,Donnerstag,,1
2017-10-27,Freitag,,1
2017-10-28,Samstag,,0
2017-10-29,Sonntag,,0
2017-10-30,Montag,,1
2017-10-31,Dienstag,Reformationstag,0
2017-11-01,Mittwoch,Allerheiligen,0
2017-11-02,Donnerstag,,1
2017-11-03,Freitag,,1
2017-11-04,Samstag,,0
2017-11-05,Sonntag,,0
2017-11-06,Montag,,1
2017-11-07,Dienstag,,1
2017-11-08,Mittwoch,,1
2017-11-09,Donnerstag,,1
2017-11-10,Freitag,,1
2017-11-11,Samstag,,0
2017-11-12,Sonntag,,0
2017-11-13,Montag,,1
2017-11-14,Dienstag,,1
2017-11-15,Mittwoch,,1
2017-11-16,Donnerstag,,1
2017-11-17,Freitag,,1
2017-11-18,Samstag,,0
2017-11-19,Sonntag,,0
2017-11-20,Montag,,1
2017-11-21,Dienstag,,1
2017-11-22,Mittwoch,,1
2017-11-23,Donnerstag,,1
2017-11-24,Freitag,,1
2017-11-25,Samstag,,0
2017-11-26,Sonntag,,0
2017-11-27,Montag,,1
2017-11-28,Dienstag,,1
2017-11-29,Mittwoch,,1
2017-11-30,Donnerstag,,1
2017-12-01,Freitag,,1
2017-12-02,Samstag,,0
2017-12-03,Sonntag,,0
2017-12-04,Montag,,1
2017-12-05,Dienstag,,1
2017-12-06,Mittwoch,,1
2017-12-07,Donnerstag,,1
2017-12-08,Freitag,,1
2017-12-09,Samstag,,0
2017-12-10,Sonntag,,0
2017-12-11,Montag,,1
2017-12-12,Dienstag,,1
2017-12-13,Mittwoch,,1
2017-12-14,Donnerstag,,1
2017-12-15,Freitag,,1
2017-12-16,Samstag,,0
2017-12-17,Sonntag,,0
2017-12-18,Montag,,1
2017-12-19,Dienstag,,1
2017-12-20,Mittwoch,,1
2017-12-21,Donnerstag,,1
2017-12-22,Freitag,,1
2017-12-23,Samstag,,0
2017-12-24,Sonntag,,0
2017-12-25,Montag,Erster Weihnachtsfeiertag,0
2017-12-26,Dienstag,Zweiter Weihnachtsfeiertag,0
2017-12-27,Mittwoch,,1
2017-12-28,Donnerstag,,1
2017-12-29,Freitag,,1
2017-12-30,Samstag,,0
2017-12-31,Sonntag,,0
2018-01-01,Montag,Neujahr,0
2018-01-02,Dienstag,,1
2018-01-03,Mittwoch,,1
2018-01-04,Donnerstag,,1
2018-01-05,Freitag,,1
2018-01-06,Samstag,Heilige Drei Koenige,0
2018-01-07,Sonntag,,0
2018-01-08,Montag,,1
2018-01-09,Dienstag,,1
2018-01-10,Mittwoch,,1
2018-01-11,Donnerstag,,1
2018-01-12,Freitag,,1
2018-01-13,Samstag,,0
2018-01-14,Sonntag,,0
2018-01-15,Montag,,1
2018-01-16,Dienstag,,1
2018-01-17,Mittwoch,,1
2018-01-18,Donnerstag,,1
2018-01-19,Freitag,,1
2018-01-20,Samstag,,0
2018-01-21,Sonntag,,0
2018-01-22,Montag,,1
2018-01-23,Dienstag,,1
2018-01-24,Mittwoch,,1
2018-01-25,Donnerstag,,1
2018-01-26,Freitag,,1
2018-01-27,Samstag,,0
2018-01-28,Sonntag,,0
2018-01-29,Montag,,1
2018-01-30,Dienstag,,1
2018-01-31,Mittwoch,,1
2018-02-01,Donnerstag,,1
2018-02-02,Freitag,,1
2018-02-03,Samstag,,0
2018-02-04,Sonntag,,0
2018-02-05,Montag,,1
2018-02-06,Dienstag,,1
2018-02-07,Mittwoch,,1
2018-02-08,Donnerstag,,1
2018-02-09,Freitag,,1
2018-02-10,Samstag,,0
2018-02-11,Sonntag,,0
2018-02-12,Montag,,1
2018-02-13,Dienstag,,1
2018-02-14,Mittwoch,,1
2018-02-15,Donnerstag,,1
2018-02-16,Freitag,,1
2018-02-17,Samstag,,0
2018-02-18,Sonntag,,0
2018-02-19,Montag,,1
2018-02-20,Dienstag,,1
2018-02-21,Mittwoch,,1
2018-02-22,Donnerstag,,1
2018-02-23,Freitag,,1
2018-02-24,Samstag,,0
2018-02-25,Sonntag,,0
2018-02-26,Montag,,1
2018-02-27,Dienstag,,1
2018-02-28,Mittwoch,,1
2018-03-01,Donnerstag,,1
2018-03-02,Freitag,,1
2018-03-03,Samstag,,0
2018-03-04,Sonntag,,0
2018-03-05,Montag,,1
2018-03-06,Dienstag,,1
2018-03-07,Mittwoch,,1
2018-03-08,Donnerstag,,1
2018-03-09,Freitag,,1
2018-03-10,Samstag,,0
2018-03-11,Sonntag,,0
2018-03-12,Montag,,1
2018-03-13,Dienstag,,1
2018-03-14,Mittwoch,,1
2018-03-15,Donnerstag,,1
2018-03-16,Freitag,,1
2018-03-17,Samstag,,0
2018-03-18,Sonntag,,0
2018-03-19,Montag,,1
2018-03-20,Dienstag,,1
2018-03-21,Mittwoch,,1
2018-03-22,Donnerstag,,1
2018-03-23,Freitag,,1
2018-03-24,Samstag,,0
2018-03-25,Sonntag,,0
2018-03-26,Montag,,1
2018-03-27,Dienstag,,1
2018-03-28,Mittwoch,,1
2018-03-29,Donnerstag,,1
2018-03-30,Freitag,Karfreitag,0
2018-03-31,Samstag,,0
2018-04-01,Sonntag,,0
2018-04-02,Montag,Ostermontag,0
2018-04-03,Dienstag,,1
2018-04-04,Mittwoch,,1
2018-04-05,Donnerstag,,1
2018-04-06,Freitag,,1
2018-04-07,Samstag,,0
2018-04-08,Sonntag,,0
2018-04-09,Montag,,1
2018-04-10,Dienstag,,1
2018-04-11,Mittwoch,,1
2018-04-12,Donnerstag,,1
2018-04-13,Freitag,,1
2018-04-14,Samstag,,0
2018-04-15,Sonntag,,0
2018-04-16,Montag,,1
2018-04-17,Dienstag,,1
2018-04-18,Mittwoch,,1
2018-04-19,Donnerstag,,1
2018-04-20,Freitag,,1
2018-04-21,Samstag,,0
2018-04-22,Sonntag,,0
2018-04-23,Montag,,1
2018-04-24,Dienstag,,1
2018-04-25,Mittwoch,,1
2018-04-26,Donnerstag,,1
2018-04-27,Freitag,,1
2018-04-28,Samstag,,0
2018-04-29,Sonntag,,0
2018-04-30,Montag,,1
2018-05-01,Dienstag,Erster Mai,0
2018-05-02,Mittwoch,,1
2018-05-03,Donnerstag,,1
2018-05-04,Freitag,,1
2018-05-05,Samstag,,0
2018-05-06,Sonntag,,0
2018-05-07,Montag,,1
2018-05-08,Dienstag,,1
2018-05-09,Mittwoch,,1
2018-05-10,Donnerstag,Christi Himmelfahrt,0
2018-05-11,Freitag,,1
2018-05-12,Samstag,,0
2018-05-13,Sonntag,,0
2018-05-14,Montag,,1
2018-05-15,Dienstag,,1
2018-05-16,Mittwoch,,1
2018-05-17,Donnerstag,,1
2018-05-18,Freitag,,1
2018-05-19,Samstag,,0
2018-05-20,Sonntag,,0
2018-05-21,Montag,Pfingstmontag,0
2018-05-22,Dienstag,,1
2018-05-23,Mittwoch,,1
2018-05-24,Donnerstag,,1
2018-05-25,Freitag,,1
2018-05-26,Samstag,,0
2018-05-27,Sonntag,,0
2018-05-28,Montag,,1
2018-05-29,Dienstag,,1
2018-05-30,Mittwoch,,1
2018-05-31,Donnerstag,Fronleichnam,0
2018-06-01,Freitag,,1
2018-06-02,Samstag,,0
2018-06-03,Sonntag,,0
2018-06-04,Montag,,1
2018-06-05,Dienstag,,1
2018-06-06,Mittwoch,,1
2018-06-07,Donnerstag,,1
2018-06-08,Freitag,,1
2018-06-09,Samstag,,0
2018-06-10,Sonntag,,0
2018-06-11,Montag,,1
2018-06-12,Dienstag,,1
2018-06-13,Mittwoch,,1
2018-06-14,Donnerstag,,1
2018-06-15,Freitag,,1
2018-06-16,Samstag,,0
2018-06-17,Sonntag,,0
2018-06-18,Montag,,1
2018-06-19,Dienstag,,1
2018-06-20,Mittwoch,,1
2018-06-21,Donnerstag,,1
2018-06-22,Freitag,,1
2018-06-23,Samstag,,0
2018-06-24,Sonntag,,0
2018-06-25,Montag,,1
2018-06-26,Dienstag,,1
2018-06-27,Mittwoch,,1
2018-06-28,Donnerstag,,1
2018-06-29,Freitag,,1
2018-06-30,Samstag,,0
2018-07-01,Sonntag,,0
2018-07-02,Montag,,1
2018-07-03,Dienstag,,1
2018-07-04,Mittwoch,,1
2018-07-05,Donnerstag,,1
2018-07-06,Freitag,,1
2018-07-07,Samstag,,0
2018-07-08,Sonntag,,0
2018-07-09,Montag,,1
2018-07-10,Dienstag,,1
2018-07-11,Mittwoch,,1
2018-07-12,Donnerstag,,1
2018-07-13,Freitag,,1
2018-07-14,Samstag,,0
2018-07-15,Sonntag,,0
2018-07-16,Montag,,1
2018-07-17,Dienstag,,1
2018-07-18,Mittwoch,,1
2018-07-19,Donnerstag,,1
2018-07-20,Freitag,,1
2018-07-21,Samstag,,0
2018-07-22,Sonntag,,0
2018-07-23,Montag,,1
2018-07-24,Dienstag,,1
2018-07-25,Mittwoch,,1
2018-07-26,Donnerstag,,1
2018-07-27,Freitag,,1
2018-07-28,Samstag,,0
2018-07-29,Sonntag,,0
2018-07-30,Montag,,1
2018-07-31,Dienstag,,1
2018-08-01,Mittwoch,,1
2018-08-02,Donnerstag,,1
2018-08-03,Freitag,,1
2018-08-04,Samstag,,0
2018-08-05,Sonntag,,0
2018-08-06,Montag,,1
2018-08-07,Dienstag,,1
2018-08-08,Mittwoch,,1
2018-08-09,Donnerstag,,1
2018-08-10,Freitag,,1
2018-08-11,Samstag,,0
2018-08-12,Sonntag,,0
2018-08-13,Montag,,1
2018-08-14,Dienstag,,1
2018-08-15,Mittwoch,,1
2018-08-16,Donnerstag,,1
2018-08-17,Freitag,,1
2018-08-18,Samstag,,0
2018-08-19,Sonntag,,0
2018-08-20,Montag,,1
2018-08-21,Dienstag,,1
2018-08-22,Mittwoch,,1
2018-08-23,Donnerstag,,1
2018-08-24,Freitag,,1
2018-08-25,Samstag,,0
2018-08-26,Sonntag,,0
2018-08-27,Montag,,1
2018-08-28,Dienstag,,1
2018-08-29,Mittwoch,,1
2018-08-30,Donnerstag,,1
2018-08-31,Freitag,,1
2018-09-01,Samstag,,0
2018-09-02,Sonntag,,0
2018-09-03,Montag,,1
2018-09-04,Dienstag,,1
2018-09-05,Mittwoch,,1
2018-09-06,Donnerstag,,1
2018-09-07,Freitag,,1
2018-09-08,Samstag,,0
2018-09-09,Sonntag,,0
2018-09-10,Montag,,1
2018-09-11,Dienstag,,1
2018-09-12,Mittwoch,,1
2018-09-13,Donnerstag,,1
2018-09-14,Freitag,,1
2018-09-15,Samstag,,0
2018-09-16,Sonntag,,0
2018-09-17,Montag,,1
2018-09-18,Dienstag,,1
2018-09-19,Mittwoch,,1
2018-09-20,Donnerstag,,1
2018-09-21,Freitag,,1
2018-09-22,Samstag,,0
2018-09-23,Sonntag,,0
2018-09-24,Montag,,1
2018-09-25,Dienstag,,1
2018-09-26,Mittwoch,,1
2018-09-27,Donnerstag,,1
2018-09-28,Freitag,,1
2018-09-29,Samstag,,0
2018-09-30,Sonntag,,0
2018-10-01,Montag,,1
2018-10-02,Dienstag,,1
2018-10-03,Mittwoch,Tag der Deutschen Einheit,0
2018-10-04,Donnerstag,,1
2018-10-05,Freitag,,1
2018-10-06,Samstag,,0
2018-10-07,Sonntag,,0
2018-10-08,Montag,,1
2018-10-09,Dienstag,,1
2018-10-10,Mittwoch,,1
2018-10-11,Donnerstag,,1
2018-10-12,Freitag,,1
2018-10-13,Samstag,,0
2018-10-14,Sonntag,,0
2018-10-15,Montag,,1
2018-10-16,Dienstag,,1
2018-10-17,Mittwoch,,1
2018-10-18,Donnerstag,,1
2018-10-19,Freitag,,1
2018-10-20,Samstag,,0
2018-10-21,Sonntag,,0
2018-10-22,Montag,,1
2018-10-23,Dienstag,,1
2018-10-24,Mittwoch,,1
2018-10-25,Donnerstag,,1
2018-10-26,Freitag,,1
2018-10-27,Samstag,,0
2018-10-28,Sonntag,,0
2018-10-29,Montag,,1
2018-10-30,Dienstag,,1
2018-10-31,Mittwoch,,1
2018-11-01,Donnerstag,Allerheiligen,0
2018-11-02,Freitag,,1
2018-11-03,Samstag,,0
2018-11-04,Sonntag,,0
2018-11-05,Montag,,1
2018-11-06,Dienstag,,1
2018-11-07,Mittwoch,,1
2018-11-08,Donnerstag,,1
2018-11-09,Freitag,,1
2018-11-10,Samstag,,0
2018-11-11,Sonntag,,0
2018-11-12,Montag,,1
2018-11-13,Dienstag,,1
2018-11-14,Mittwoch,,1
2018-11-15,Donnerstag,,1
2018-11-16,Freitag,,1
2018-11-17,Samstag,,0
2018-11-18,Sonntag,,0
2018-11-19,Montag,,1
2018-11-20,Dienstag,,1
2018-11-21,Mittwoch,,1
2018-11-22,Donnerstag,,1
2018-11-23,Freitag,,1
2018-11-24,Samstag,,0
2018-11-25,Sonntag,,0
2018-11-26,Montag,,1
2018-11-27,Dienstag,,1
2018-11-28,Mittwoch,,1
2018-11-29,Donnerstag,,1
2018-11-30,Freitag,,1
2018-12-01,Samstag,,0
2018-12-02,Sonntag,,0
2018-12-03,Montag,,1
2018-12-04,Dienstag,,1
2018-12-05,Mittwoch,,1
2018-12-06,Donnerstag,,1
2018-12-07,Freitag,,1
2018-12-08,Samstag,,0
2018-12-09,Sonntag,,0
2018-12-10,Montag,,1
2018-12-11,Dienstag,,1
2018-12-12,Mittwoch,,1
2018-12-13,Donnerstag,,1
2018-12-14,Freitag,,1
2018-12-15,Samstag,,0
2018-12-16,Sonntag,,0
2018-12-17,Montag,,1
2018-12-18,Dienstag,,1
2018-12-19,Mittwoch,,1
2018-12-20,Donnerstag,,1
2018-12-21,Freitag,,1
2018-12-22,Samstag,,0
2018-12-23,Sonntag,,0
2018-12-24,Montag,,1
2018-12-25,Dienstag,Erster Weihnachtsfeiertag,0
2018-12-26,Mittwoch,Zweiter Weihnachtsfeiertag,0
2018-12-27,Donnerstag,,1
2018-12-28,Freitag,,1
2018-12-29,Samstag,,0
2018-12-30,Sonntag,,0
2018-12-31,Montag,,1
2019-01-01,Dienstag,Neujahr,0
2019-01-02,Mittwoch,,1
2019-01-03,Donnerstag,,1
2019-01-04,Freitag,,1
2019-01-05,Samstag,,0
2019-01-06,Sonntag,Heilige Drei Koenige,0
2019-01-07,Montag,,1
2019-01-08,Dienstag,,1
2019-01-09,Mittwoch,,1
2019-01-10,Donnerstag,,1
2019-01-11,Freitag,,1
2019-01-12,Samstag,,0
2019-01-13,Sonntag,,0
2019-01-14,Montag,,1
2019-01-15,Dienstag,,1
2019-01-16,Mittwoch,,1
2019-01-17,Donnerstag,,1
2019-01-18,Freitag,,1
2019-01-19,Samstag,,0
2019-01-20,Sonntag,,0
2019-01-21,Montag,,1
2019-01-22,Dienstag,,1
2019-01-23,Mittwoch,,1
2019-01-24,Donnerstag,,1
2019-01-25,Freitag,,1
2019-01-26,Samstag,,0
2019-01-27,Sonntag,,0
2019-01-28,Montag,,1
2019-01-29,Dienstag,,1
2019-01-30,Mittwoch,,1
2019-01-31,Donnerstag,,1
2019-02-01,Freitag,,1
2019-02-02,Samstag,,0
2019-02-03,Sonntag,,0
2019-02-04,Montag,,1
2019-02-05,Dienstag,,1
2019-02-06,Mittwoch,,1
2019-02-07,Donnerstag,,1
2019-02-08,Freitag,,1
2019-02-09,Samstag,,0
2019-02-10,Sonntag,,0
2019-02-11,Montag,,1
2019-02-12,Dienstag,,1
2019-02-13,Mittwoch,,1
2019-02-14,Donnerstag,,1
2019-02-15,Freitag,,1
2019-02-16,Samstag,,0
2019-02-17,Sonntag,,0
2019-02-18,Montag,,1
2019-02-19,Dienstag,,1
2019-02-20,Mittwoch,,1
2019-02-21,Donnerstag,,1
2019-02-22,Freitag,,1
2019-02-23,Samstag,,0
2019-02-24,Sonntag,,0
2019-02-25,Montag,,1
2019-02-26,Dienstag,,1
2019-02-27,Mittwoch,,1
2019-02-28,Donnerstag,,1
2019-03-01,Freitag,,1
2019-03-02,Samstag,,0
2019-03-03,Sonntag,,0
2019-03-04,Montag,,1
2019-03-05,Dienstag,,1
2019-03-06,Mittwoch,,1
2019-03-07,Donnerstag,,1
2019-03-08,Freitag,,1
2019-03-09,Samstag,,0
2019-03-10,Sonntag,,0
2019-03-11,Montag,,1
2019-03-12,Dienstag,,1
2019-03-13,Mittwoch,,1
2019-03-14,Donnerstag,,1
2019-03-15,Freitag,,1
2019-03-16,Samstag,,0
2019-03-17,Sonntag,,0
2019-03-18,Montag,,1
2019-03-19,Dienstag,,1
2019-03-20,Mittwoch,,1
2019-03-21,Donnerstag,,1
2019-03-22,Freitag,,1
2019-03-23,Samstag,,0
2019-03-24,Sonntag,,0
2019-03-25,Montag,,1
2019-03-26,Dienstag,,1
2019-03-27,Mittwoch,,1
2019-03-28,Donnerstag,,1
2019-03-29,Freitag,,1
2019-03-30,Samstag,,0
2019-03-31,Sonntag,,0
2019-04-01,Montag,,1
2019-04-02,Dienstag,,1
2019-04-03,Mittwoch,,1
2019-04-04,Donnerstag,,1
2019-04-05,Freitag,,1
2019-04-06,Samstag,,0
2019-04-07,Sonntag,,0
2019-04-08,Montag,,1
2019-04-09,Dienstag,,1
2019-04-10,Mittwoch,,1
2019-04-11,Donnerstag,,1
2019-04-12,Freitag,,1
2019-04-13,Samstag,,0
2019-04-14,Sonntag,,0
2019-04-15,Montag,,1
2019-04-16,Dienstag,,1
2019-04-17,Mittwoch,,1
2019-04-18,Donnerstag,,1
2019-04-19,Freitag,Karfreitag,0
2019-04-20,Samstag,,0
2019-04-21,Sonntag,,0
2019-04-22,Montag,Ostermontag,0
2019-04-23,Dienstag,,1
2019-04-24,Mittwoch,,1
2019-04-25,Donnerstag,,1
2019-04-26,Freitag,,1
2019-04-27,Samstag,,0
2019-04-28,Sonntag,,0
2019-04-29,Montag,,1
2019-04-30,Dienstag,,1
2019-05-01,Mittwoch,Erster Mai,0
2019-05-02,Donnerstag,,1
2019-05-03,Freitag,,1
2019-05-04,Samstag,,0
2019-05-05,Sonntag,,0
2019-05-06,Montag,,1
2019-05-07,Dienstag,,1
2019-05-08,Mittwoch,,1
2019-05-09,Donnerstag,,1
2019-05-10,Freitag,,1
2019-05-11,Samstag,,0
2019-05-12,Sonntag,,0
2019-05-13,Montag,,1
2019-05-14,Dienstag,,1
2019-05-15,Mittwoch,,1
2019-05-16,Donnerstag,,1
2019-05-17,Freitag,,1
2019-05-18,Samstag,,0
2019-05-19,Sonntag,,0
2019-05-20,Montag,,1
2019-05-21,Dienstag,,1
2019-05-22,Mittwoch,,1
2019-05-23,Donnerstag,,1
2019-05-24,Freitag,,1
2019-05-25,Samstag,,0
2019-05-26,Sonntag,,0
2019-05-27,Montag,,1
2019-05-28,Dienstag,,1
2019-05-29,Mittwoch,,1
2019-05-30,Donnerstag,Christi Himmelfahrt,0
2019-05-31,Freitag,,1
2019-06-01,Samstag,,0
2019-06-02,Sonntag,,0
2019-06-03,Montag,,1
2019-06-04,Dienstag,,1
2019-06-05,Mittwoch,,1
2019-06-06,Donnerstag,,1
2019-06-07,Freitag,,1
2019-06-08,Samstag,,0
2019-06-09,Sonntag,,0
2019-06-10,Montag,Pfingstmontag,0
2019-06-11,Dienstag,,1
2019-06-12,Mittwoch,,1
2019-06-13,Donnerstag,,1
2019-06-14,Freitag,,1
2019-06-15,Samstag,,0
2019-06-16,Sonntag,,0
2019-06-17,Montag,,1
2019-06-18,Dienstag,,1
2019-06-19,Mittwoch,,1
2019-06-20,Donnerstag,Fronleichnam,0
2019-06-21,Freitag,,1
2019-06-22,Samstag,,0
2019-06-23,Sonntag,,0
2019-06-24,Montag,,1
2019-06-25,Dienstag,,1
2019-06-26,Mittwoch,,1
2019-06-27,Donnerstag,,1
2019-06-28,Freitag,,1
2019-06-29,Samstag,,0
2019-06-30,Sonntag,,0
2019-07-01,Montag,,1
2019-07-02,Dienstag,,1
2019-07-03,Mittwoch,,1
2019-07-04,Donnerstag,,1
2019-07-05,Freitag,,1
2019-07-06,Samstag,,0
2019-07-07,Sonntag,,0
2019-07-08,Montag,,1
2019-07-09,Dienstag,,1
2019-07-10,Mittwoch,,1
2019-07-11,Donnerstag,,1
2019-07-12,Freitag,,1
2019-07-13,Samstag,,0
2019-07-14,Sonntag,,0
2019-07-15,Montag,,1
2019-07-16,Dienstag,,1
2019-07-17,Mittwoch,,1
2019-07-18,Donnerstag,,1
2019-07-19,Freitag,,1
2019-07-20,Samstag,,0
2019-07-21,Sonntag,,0
2019-07-22,Montag,,1
2019-07-23,Dienstag,,1
2019-07-24,Mittwoch,,1
2019-07-25,Donnerstag,,1
2019-07-26,Freitag,,1
2019-07-27,Samstag,,0
2019-07-28,Sonntag,,0
2019-07-29,Montag,,1
2019-07-30,Dienstag,,1
2019-07-31,Mittwoch,,1
2019-08-01,Donnerstag,,1
2019-08-02,Freitag,,1
2019-08-03,Samstag,,0
2019-08-04,Sonntag,,0
2019-08-05,Montag,,1
2019-08-06,Dienstag,,1
2019-08-07,Mittwoch,,1
2019-08-08,Donnerstag,,1
2019-08-09,Freitag,,1
2019-08-10,Samstag,,0
2019-08-11,Sonntag,,0
2019-08-12,Montag,,1
2019-08-13,Dienstag,,1
2019-08-14,Mittwoch,,1
2019-08-15,Donnerstag,,1
2019-08-16,Freitag,,1
2019-08-17,Samstag,,0
2019-08-18,Sonntag,,0
2019-08-19,Montag,,1
2019-08-20,Dienstag,,1
2019-08-21,Mittwoch,,1
2019-08-22,Donnerstag,,1
2019-08-23,Freitag,,1
2019-08-24,Samstag,,0
2019-08-25,Sonntag,,0
2019-08-26,Montag,,1
2019-08-27,Dienstag,,1
2019-08-28,Mittwoch,,1
2019-08-29,Donnerstag,,1
2019-08-30,Freitag,,1
2019-08-31,Samstag,,0
2019-09-01,Sonntag,,0
2019-09-02,Montag,,1
2019-09-03,Dienstag,,1
2019-09-04,Mittwoch,,1
2019-09-05,Donnerstag,,1
2019-09-06,Freitag,,1
2019-09-07,Samstag,,0
2019-09-08,Sonntag,,0
2019-09-09,Montag,,1
2019-09-10,Dienstag,,1
2019-09-11,Mittwoch,,1
2019-09-12,Donnerstag,,1
2019-09-13,Freitag,,1
2019-09-14,Samstag,,0
2019-09-15,Sonntag,,0
2019-09-16,Montag,,1
2019-09-17,Dienstag,,1
2019-09-18,Mittwoch,,1
2019-09-19,Donnerstag,,1
2019-09-20,Freitag,,1
2019-09-21,Samstag,,0
2019-09-22,Sonntag,,0
2019-09-23,Montag,,1
2019-09-24,Dienstag,,1
2019-09-25,Mittwoch,,1
2019-09-26,Donnerstag,,1
2019-09-27,Freitag,,1
2019-09-28,Samstag,,0
2019-09-29,Sonntag,,0
2019-09-30,Montag,,1
2019-10-01,Dienstag,,1
2019-10-02,Mittwoch,,1
2019-10-03,Donnerstag,Tag der Deutschen Einheit,0
2019-10-04,Freitag,,1
2019-10-05,Samstag,,0
2019-10-06,Sonntag,,0
2019-10-07,Montag,,1
2019-10-08,Dienstag,,1
2019-10-09,Mittwoch,,1
2019-10-10,Donnerstag,,1
2019-10-11,Freitag,,1
2019-10-12,Samstag,,0
2019-10-13,Sonntag,,0
2019-10-14,Montag,,1
2019-10-15,Dienstag,,1
2019-10-16,Mittwoch,,1
2019-10-17,Donnerstag,,1
2019-10-18,Freitag,,1
2019-10-19,Samstag,,0
2019-10-20,Sonntag,,0
2019-10-21,Montag,,1
2019-10-22,Dienstag,,1
2019-10-23,Mittwoch,,1
2019-10-24,Donnerstag,,1
2019-10-25,Freitag,,1
2019-10-26,Samstag,,0
2019-10-27,Sonntag,,0
2019-10-28,Montag,,1
2019-10-29,Dienstag,,1
2019-10-30,Mittwoch,,1
2019-10-31,Donnerstag,,1
2019-11-01,Freitag,Allerheiligen,0
2019-11-02,Samstag,,0
2019-11-03,Sonntag,,0
2019-11-04,Montag,,1
2019-11-05,Dienstag,,1
2019-11-06,Mittwoch,,1
2019-11-07,Donnerstag,,1
2019-11-08,Freitag,,1
2019-11-09,Samstag,,0
2019-11-10,Sonntag,,0
2019-11-11,Montag,,1
2019-11-12,Dienstag,,1
2019-11-13,Mittwoch,,1
2019-11-14,Donnerstag,,1
2019-11-15,Freitag,,1
2019-11-16,Samstag,,0
2019-11-17,Sonntag,,0
2019-11-18,Montag,,1
2019-11-19,Dienstag,,1
2019-11-20,Mittwoch,,1
2019-11-21,Donnerstag,,1
2019-11-22,Freitag,,1
2019-11-23,Samstag,,0
2019-11-24,Sonntag,,0
2019-11-25,Montag,,1
2019-11-26,Dienstag,,1
2019-11-27,Mittwoch,,1
2019-11-28,Donnerstag,,1
2019-11-29,Freitag,,1
2019-11-30,Samstag,,0
2019-12-01,Sonntag,,0
2019-12-02,Montag,,1
2019-12-03,Dienstag,,1
2019-12-04,Mittwoch,,1
2019-12-05,Donnerstag,,1
2019-12-06,Freitag,,1
2019-12-07,Samstag,,0
2019-12-08,Sonntag,,0
2019-12-09,Montag,,1
2019-12-10,Dienstag,,1
2019-12-11,Mittwoch,,1
2019-12-12,Donnerstag,,1
2019-12-13,Freitag,,1
2019-12-14,Samstag,,0
2019-12-15,Sonntag,,0
2019-12-16,Montag,,1
2019-12-17,Dienstag,,1
2019-12-18,Mittwoch,,1
2019-12-19,Donnerstag,,1
2019-12-20,Freitag,,1
2019-12-21,Samstag,,0
2019-12-22,Sonntag,,0
2019-12-23,Montag,,1
2019-12-24,Dienstag,,1
2019-12-25,Mittwoch,Erster Weihnachtsfeiertag,0
2019-12-26,Donnerstag,Zweiter Weihnachtsfeiertag,0
2019-12-27,Freitag,,1
2019-12-28,Samstag,,0
2019-12-29,Sonntag,,0
2019-12-30,Montag,,1
2019-12-31,Dienstag,,1
2020-01-01,Mittwoch,Neujahr,0
2020-01-02,Donnerstag,,1
2020-01-03,Freitag,,1
2020-01-04,Samstag,,0
2020-01-05,Sonntag,,0
2020-01-06,Montag,Heilige Drei Koenige,0
2020-01-07,Dienstag,,1
2020-01-08,Mittwoch,,1
2020-01-09,Donnerstag,,1
2020-01-10,Freitag,,1
2020-01-11,Samstag,,0
2020-01-12,Sonntag,,0
2020-01-13,Montag,,1
2020-01-14,Dienstag,,1
2020-01-15,Mittwoch,,1
2020-01-16,Donnerstag,,1
2020-01-17,Freitag,,1
2020-01-18,Samstag,,0
2020-01-19,Sonntag,,0
2020-01-20,Montag,,1
2020-01-21,Dienstag,,1
2020-01-22,Mittwoch,,1
2020-01-23,Donnerstag,,1
2020-01-24,Freitag,,1
2020-01-25,Samstag,,0
2020-01-26,Sonntag,,0
2020-01-27,Montag,,1
2020-01-28,Dienstag,,1
2020-01-29,Mittwoch,,1
2020-01-30,Donnerstag,,1
2020-01-31,Freitag,,1
2020-02-01,Samstag,,0
2020-02-02,Sonntag,,0
2020-02-03,Montag,,1
2020-02-04,Dienstag,,1
2020-02-05,Mittwoch,,1
2020-02-06,Donnerstag,,1
2020-02-07,Freitag,,1
2020-02-08,Samstag,,0
2020-02-09,Sonntag,,0
2020-02-10,Montag,,1
2020-02-11,Dienstag,,1
2020-02-12,Mittwoch,,1
2020-02-13,Donnerstag,,1
2020-02-14,Freitag,,1
2020-02-15,Samstag,,0
2020-02-16,Sonntag,,0
2020-02-17,Montag,,1
2020-02-18,Dienstag,,1
2020-02-19,Mittwoch,,1
2020-02-20,Donnerstag,,1
2020-02-21,Freitag,,1
2020-02-22,Samstag,,0
2020-02-23,Sonntag,,0
2020-02-24,Montag,,1
2020-02-25,Dienstag,,1
2020-02-26,Mittwoch,,1
2020-02-27,Donnerstag,,1
2020-02-28,Freitag,,1
2020-02-29,Samstag,,0
2020-03-01,Sonntag,,0
2020-03-02,Montag,,1
2020-03-03,Dienstag,,1
2020-03-04,Mittwoch,,1
2020-03-05,Donnerstag,,1
2020-03-06,Freitag,,1
2020-03-07,Samstag,,0
2020-03-08,Sonntag,,0
2020-03-09,Montag,,1
2020-03-10,Dienstag,,1
2020-03-11,Mittwoch,,1
2020-03-12,Donnerstag,,1
2020-03-13,Freitag,,1
2020-03-14,Samstag,,0
2020-03-15,Sonntag,,0
2020-03-16,Montag,,1
2020-03-17,Dienstag,,1
2020-03-18,Mittwoch,,1
2020-03-19,Donnerstag,,1
2020-03-20,Freitag,,1
2020-03-21,Samstag,,0
2020-03-22,Sonntag,,0
2020-03-23,Montag,,1
2020-03-24,Dienstag,,1
2020-03-25,Mittwoch,,1
2020-03-26,Donnerstag,,1
2020-03-27,Freitag,,1
2020-03-28,Samstag,,0
2020-03-29,Sonntag,,0
2020-03-30,Montag,,1
2020-03-31,Dienstag,,1
2020-04-01,Mittwoch,,1
2020-04-02,Donnerstag,,1
2020-04-03,Freitag,,1
2020-04-04,Samstag,,0
2020-04-05,Sonntag,,0
2020-04-06,Montag,,1
2020-04-07,Dienstag,,1
2020-04-08,Mittwoch,,1
2020-04-09,Donnerstag,,1
2020-04-10,Freitag,Karfreitag,0
2020-04-11,Samstag,,0
2020-04-12,Sonntag,,0
2020-04-13,Montag,Ostermontag,0
2020-04-14,Dienstag,,1
2020-04-15,Mittwoch,,1
2020-04-16,Donnerstag,,1
2020-04-17,Freitag,,1
2020-04-18,Samstag,,0
2020-04-19,Sonntag,,0
2020-04-20,Montag,,1
2020-04-21,Dienstag,,1
2020-04-22,Mittwoch,,1
2020-04-23,Donnerstag,,1
2020-04-24,Freitag,,1
2020-04-25,Samstag,,0
2020-04-26,Sonntag,,0
2020-04-27,Montag,,1
2020-04-28,Dienstag,,1
2020-04-29,Mittwoch,,1
2020-04-30,Donnerstag,,1
2020-05-01,Freitag,Erster Mai,0
2020-05-02,Samstag,,0
2020-05-03,Sonntag,,0
2020-05-04,Montag,,1
2020-05-05,Dienstag,,1
2020-05-06,Mittwoch,,1
2020-05-07,Donnerstag,,1
2020-05-08,Freitag,,1
2020-05-09,Samstag,,0
2020-05-10,Sonntag,,0
2020-05-11,Montag,,1
2020-05-12,Dienstag,,1
2020-05-13,Mittwoch,,1
2020-05-14,Donnerstag,,1
2020-05-15,Freitag,,1
2020-05-16,Samstag,,0
2020-05-17,Sonntag,,0
2020-05-18,Montag,,1
2020-05-19,Dienstag,,1
2020-05-20,Mittwoch,,1
2020-05-21,Donnerstag,Christi Himmelfahrt,0
2020-05-22,Freitag,,1
2020-05-23,Samstag,,0
2020-05-24,Sonntag,,0
2020-05-25,Montag,,1
2020-05-26,Dienstag,,1
2020-05-27,Mittwoch,,1
2020-05-28,Donnerstag,,1
2020-05-29,Freitag,,1
2020-05-30,Samstag,,0
2020-05-31,Sonntag,,0
2020-06-01,Montag,Pfingstmontag,0
2020-06-02,Dienstag,,1
2020-06-03,Mittwoch,,1
2020-06-04,Donnerstag,,1
2020-06-05,Freitag,,1
2020-06-06,Samstag,,0
2020-06-07,Sonntag,,0
2020-06-08,Montag,,1
2020-06-09,Dienstag,,1
2020-06-10,Mittwoch,,1
2020-06-11,Donnerstag,Fronleichnam,0
2020-06-12,Freitag,,1
2020-06-13,Samstag,,0
2020-06-14,Sonntag,,0
2020-06-15,Montag,,1
2020-06-16,Dienstag,,1
2020-06-17,Mittwoch,,1
2020-06-18,Donnerstag,,1
2020-06-19,Freitag,,1
2020-06-20,Samstag,,0
2020-06-21,Sonntag,,0
2020-06-22,Montag,,1
2020-06-23,Dienstag,,1
2020-06-24,Mittwoch,,1
2020-06-25,Donnerstag,,1
2020-06-26,Freitag,,1
2020-06-27,Samstag,,0
2020-06-28,Sonntag,,0
2020-06-29,Montag,,1
2020-06-30,Dienstag,,1
2020-07-01,Mittwoch,,1
2020-07-02,Donnerstag,,1
2020-07-03,Freitag,,1
2020-07-04,Samstag,,0
2020-07-05,Sonntag,,0
2020-07-06,Montag,,1
2020-07-07,Dienstag,,1
2020-07-08,Mittwoch,,1
2020-07-09,Donnerstag,,1
2020-07-10,Freitag,,1
2020-07-11,Samstag,,0
2020-07-12,Sonntag,,0
2020-07-13,Montag,,1
2020-07-14,Dienstag,,1
2020-07-15,Mittwoch,,1
2020-07-16,Donnerstag,,1
2020-07-17,Freitag,,1
2020-07-18,Samstag,,0
2020-07-19,Sonntag,,0
2020-07-20,Montag,,1
2020-07-21,Dienstag,,1
2020-07-22,Mittwoch,,1
2020-07-23,Donnerstag,,1
2020-07-24,Freitag,,1
2020-07-25,Samstag,,0
2020-07-26,Sonntag,,0
2020-07-27,Montag,,1
2020-07-28,Dienstag,,1
2020-07-29,Mittwoch,,1
2020-07-30,Donnerstag,,1
2020-07-31,Freitag,,1
2020-08-01,Samstag,,0
2020-08-02,Sonntag,,0
2020-08-03,Montag,,1
2020-08-04,Dienstag,,1
2020-08-05,Mittwoch,,1
2020-08-06,Donnerstag,,1
2020-08-07,Freitag,,1
2020-08-08,Samstag,,0
2020-08-09,Sonntag,,0
2020-08-10,Montag,,1
2020-08-11,Dienstag,,1
2020-08-12,Mittwoch,,1
2020-08-13,Donnerstag,,1
2020-08-14,Freitag,,1
2020-08-15,Samstag,,0
2020-08-16,Sonntag,,0
2020-08-17,Montag,,1
2020-08-18,Dienstag,,1
2020-08-19,Mittwoch,,1
2020-08-20,Donnerstag,,1
2020-08-21,Freitag,,1
2020-08-22,Samstag,,0
2020-08-23,Sonntag,,0
2020-08-24,Montag,,1
2020-08-25,Dienstag,,1
2020-08-26,Mittwoch,,1
2020-08-27,Donnerstag,,1
2020-08-28,Freitag,,1
2020-08-29,Samstag,,0
2020-08-30,Sonntag,,0
2020-08-31,Montag,,1
2020-09-01,Dienstag,,1
2020-09-02,Mittwoch,,1
2020-09-03,Donnerstag,,1
2020-09-04,Freitag,,1
2020-09-05,Samstag,,0
2020-09-06,Sonntag,,0
2020-09-07,Montag,,1
2020-09-08,Dienstag,,1
2020-09-09,Mittwoch,,1
2020-09-10,Donnerstag,,1
2020-09-11,Freitag,,1
2020-09-12,Samstag,,0
2020-09-13,Sonntag,,0
2020-09-14,Montag,,1
2020-09-15,Dienstag,,1
2020-09-16,Mittwoch,,1
2020-09-17,Donnerstag,,1
2020-09-18,Freitag,,1
2020-09-19,Samstag,,0
2020-09-20,Sonntag,,0
2020-09-21,Montag,,1
2020-09-22,Dienstag,,1
2020-09-23,Mittwoch,,1
2020-09-24,Donnerstag,,1
2020-09-25,Freitag,,1
2020-09-26,Samstag,,0
2020-09-27,Sonntag,,0
2020-09-28,Montag,,1
2020-09-29,Dienstag,,1
2020-09-30,Mittwoch,,1
2020-10-01,Donnerstag,,1
2020-10-02,Freitag,,1
2020-10-03,Samstag,Tag der Deutschen Einheit,0
2020-10-04,Sonntag,,0
2020-10-05,Montag,,1
2020-10-06,Dienstag,,1
2020-10-07,Mittwoch,,1
2020-10-08,Donnerstag,,1
2020-10-09,Freitag,,1
2020-10-10,Samstag,,0
2020-10-11,Sonntag,,0
2020-10-12,Montag,,1
2020-10-13,Dienstag,,1
2020-10-14,Mittwoch,,1
2020-10-15,Donnerstag,,1
2020-10-16,Freitag,,1
2020-10-17,Samstag,,0
2020-10-18,Sonntag,,0
2020-10-19,Montag,,1
2020-10-20,Dienstag,,1
2020-10-21,Mittwoch,,1
2020-10-22,Donnerstag,,1
2020-10-23,Freitag,,1
2020-10-24,Samstag,,0
2020-10-25,Sonntag,,0
2020-10-26,Montag,,1
2020-10-27,Dienstag,,1
2020-10-28,Mittwoch,,1
2020-10-29,Donnerstag,,1
2020-10-30,Freitag,,1
2020-10-31,Samstag,,0
2020-11-01,Sonntag,Allerheiligen,0
2020-11-02,Montag,,1
2020-11-03,Dienstag,,1
2020-11-04,Mittwoch,,1
2020-11-05,Donnerstag,,1
2020-11-06,Freitag,,1
2020-11-07,Samstag,,0
2020-11-08,Sonntag,,0
2020-11-09,Montag,,1
2020-11-10,Dienstag,,1
2020-11-11,Mittwoch,,1
2020-11-12,Donnerstag,,1
2020-11-13,Freitag,,1
2020-11-14,Samstag,,0
2020-11-15,Sonntag,,0
2020-11-16,Montag,,1
2020-11-17,Dienstag,,1
2020-11-18,Mittwoch,,1
2020-11-19,Donnerstag,,1
2020-11-20,Freitag,,1
2020-11-21,Samstag,,0
2020-11-22,Sonntag,,0
2020-11-23,Montag,,1
2020-11-24,Dienstag,,1
2020-11-25,Mittwoch,,1
2020-11-26,Donnerstag,,1
2020-11-27,Freitag,,1
2020-11-28,Samstag,,0
2020-11-29,Sonntag,,0
2020-11-30,Montag,,1
2020-12-01,Dienstag,,1
2020-12-02,Mittwoch,,1
2020-12-03,Donnerstag,,1
2020-12-04,Freitag,,1
2020-12-05,Samstag,,0
2020-12-06,Sonntag,,0
2020-12-07,Montag,,1
2020-12-08,Dienstag,,1
2020-12-09,Mittwoch,,1
2020-12-10,Donnerstag,,1
2020-12-11,Freitag,,1
2020-12-12,Samstag,,0
2020-12-13,Sonntag,,0
2020-12-14,Montag,,1
2020-12-15,Dienstag,,1
2020-12-16,Mittwoch,,1
2020-12-17,Donnerstag,,1
2020-12-18,Freitag,,1
2020-12-19,Samstag,,0
2020-12-20,Sonntag,,0
2020-12-21,Montag,,1
2020-12-22,Dienstag,,1
2020-12-23,Mittwoch,,1
2020-12-24,Donnerstag,,1
2020-12-25,Freitag,Erster Weihnachtsfeiertag,0
2020-12-26,Samstag,Zweiter Weihnachtsfeiertag,0
2020-12-27,Sonntag,,0
2020-12-28,Montag,,1
2020-12-29,Dienstag,,1
2020-12-30,Mittwoch,,1
2020-12-31,Donnerstag,,1
2021-01-01,Freitag,Neujahr,0
2021-01-02,Samstag,,0
2021-01-03,Sonntag,,0
2021-01-04,Montag,,1
2021-01-05,Dienstag,,1
2021-01-06,Mittwoch,Heilige Drei Koenige,0
2021-01-07,Donnerstag,,1
2021-01-08,Freitag,,1
2021-01-09,Samstag,,0
2021-01-10,Sonntag,,0
2021-01-11,Montag,,1
2021-01-12,Dienstag,,1
2021-01-13,Mittwoch,,1
2021-01-14,Donnerstag,,1
2021-01-15,Freitag,,1
2021-01-16,Samstag,,0
2021-01-17,Sonntag,,0
2021-01-18,Montag,,1
2021-01-19,Dienstag,,1
2021-01-20,Mittwoch,,1
2021-01-21,Donnerstag,,1
2021-01-22,Freitag,,1
2021-01-23,Samstag,,0
2021-01-24,Sonntag,,0
2021-01-25,Montag,,1
2021-01-26,Dienstag,,1
2021-01-27,Mittwoch,,1
2021-01-28,Donnerstag,,1
2021-01-29,Freitag,,1
2021-01-30,Samstag,,0
2021-01-31,Sonntag,,0
2021-02-01,Montag,,1
2021-02-02,Dienstag,,1
2021-02-03,Mittwoch,,1
2021-02-04,Donnerstag,,1
2021-02-05,Freitag,,1
2021-02-06,Samstag,,0
2021-02-07,Sonntag,,0
2021-02-08,Montag,,1
2021-02-09,Dienstag,,1
2021-02-10,Mittwoch,,1
2021-02-11,Donnerstag,,1
2021-02-12,Freitag,,1
2021-02-13,Samstag,,0
2021-02-14,Sonntag,,0
2021-02-15,Montag,,1
2021-02-16,Dienstag,,1
2021-02-17,Mittwoch,,1
2021-02-18,Donnerstag,,1
2021-02-19,Freitag,,1
2021-02-20,Samstag,,0
2021-02-21,Sonntag,,0
2021-02-22,Montag,,1
2021-02-23,Dienstag,,1
2021-02-24,Mittwoch,,1
2021-02-25,Donnerstag,,1
2021-02-26,Freitag,,1
2021-02-27,Samstag,,0
2021-02-28,Sonntag,,0
2021-03-01,Montag,,1
2021-03-02,Dienstag,,1
2021-03-03,Mittwoch,,1
2021-03-04,Donnerstag,,1
2021-03-05,Freitag,,1
2021-03-06,Samstag,,0
2021-03-07,Sonntag,,0
2021-03-08,Montag,,1
2021-03-09,Dienstag,,1
2021-03-10,Mittwoch,,1
2021-03-11,Donnerstag,,1
2021-03-12,Freitag,,1
2021-03-13,Samstag,,0
2021-03-14,Sonntag,,0
2021-03-15,Montag,,1
2021-03-16,Dienstag,,1
2021-03-17,Mittwoch,,1
2021-03-18,Donnerstag,,1
2021-03-19,Freitag,,1
2021-03-20,Samstag,,0
2021-03-21,Sonntag,,0
2021-03-22,Montag,,1
2021-03-23,Dienstag,,1
2021-03-24,Mittwoch,,1
2021-03-25,Donnerstag,,1
2021-03-26,Freitag,,1
2021-03-27,Samstag,,0
2021-03-28,Sonntag,,0
2021-03-29,Montag,,1
2021-03-30,Dienstag,,1
2021-03-31,Mittwoch,,1
2021-04-01,Donnerstag,,1
2021-04-02,Freitag,Karfreitag,0
2021-04-03,Samstag,,0
2021-04-04,Sonntag,,0
2021-04-05,Montag,Ostermontag,0
2021-04-06,Dienstag,,1
2021-04-07,Mittwoch,,1
2021-04-08,Donnerstag,,1
2021-04-09,Freitag,,1
2021-04-10,Samstag,,0
2021-04-11,Sonntag,,0
2021-04-12,Montag,,1
2021-04-13,Dienstag,,1
2021-04-14,Mittwoch,,1
2021-04-15,Donnerstag,,1
2021-04-16,Freitag,,1
2021-04-17,Samstag,,0
2021-04-18,Sonntag,,0
2021-04-19,Montag,,1
2021-04-20,Dienstag,,1
2021-04-21,Mittwoch,,1
2021-04-22,Donnerstag,,1
2021-04-23,Freitag,,1
2021-04-24,Samstag,,0
2021-04-25,Sonntag,,0
2021-04-26,Montag,,1
2021-04-27,Dienstag,,1
2021-04-28,Mittwoch,,1
2021-04-29,Donnerstag,,1
2021-04-30,Freitag,,1
2021-05-01,Samstag,Erster Mai,0
2021-05-02,Sonntag,,0
2021-05-03,Montag,,1
2021-05-04,Dienstag,,1
2021-05-05,Mittwoch,,1
2021-05-06,Donnerstag,,1
2021-05-07,Freitag,,1
2021-05-08,Samstag,,0
2021-05-09,Sonntag,,0
2021-05-10,Montag,,1
2021-05-11,Dienstag,,1
2021-05-12,Mittwoch,,1
2021-05-13,Donnerstag,Christi Himmelfahrt,0
2021-05-14,Freitag,,1
2021-05-15,Samstag,,0
2021-05-16,Sonntag,,0
2021-05-17,Montag,,1
2021-05-18,Dienstag,,1
2021-05-19,Mittwoch,,1
2021-05-20,Donnerstag,,1
2021-05-21,Freitag,,1
2021-05-22,Samstag,,0
2021-05-23,Sonntag,,0
2021-05-24,Montag,Pfingstmontag,0
2021-05-25,Dienstag,,1
2021-05-26,Mittwoch,,1
2021-05-27,Donnerstag,,1
2021-05-28,Freitag,,1
2021-05-29,Samstag,,0
2021-05-30,Sonntag,,0
2021-05-31,Montag,,1
2021-06-01,Dienstag,,1
2021-06-02,Mittwoch,,1
2021-06-03,Donnerstag,Fronleichnam,0
2021-06-04,Freitag,,1
2021-06-05,Samstag,,0
2021-06-06,Sonntag,,0
2021-06-07,Montag,,1
2021-06-08,Dienstag,,1
2021-06-09,Mittwoch,,1
2021-06-10,Donnerstag,,1
2021-06-11,Freitag,,1
2021-06-12,Samstag,,0
2021-06-13,Sonntag,,0
2021-06-14,Montag,,1
2021-06-15,Dienstag,,1
2021-06-16,Mittwoch,,1
2021-06-17,Donnerstag,,1
2021-06-18,Freitag,,1
2021-06-19,Samstag,,0
2021-06-20,Sonntag,,0
2021-06-21,Montag,,1
2021-06-22,Dienstag,,1
2021-06-23,Mittwoch,,1
2021-06-24,Donnerstag,,1
2021-06-25,Freitag,,1
2021-06-26,Samstag,,0
2021-06-27,Sonntag,,0
2021-06-28,Montag,,1
2021-06-29,Dienstag,,1
2021-06-30,Mittwoch,,1
2021-07-01,Donnerstag,,1
2021-07-02,Freitag,,1
2021-07-03,Samstag,,0
2021-07-04,Sonntag,,0
2021-07-05,Montag,,1
2021-07-06,Dienstag,,1
2021-07-07,Mittwoch,,1
2021-07-08,Donnerstag,,1
2021-07-09,Freitag,,1
2021-07-10,Samstag,,0
2021-07-11,Sonntag,,0
2021-07-12,Montag,,1
2021-07-13,Dienstag,,1
2021-07-14,Mittwoch,,1
2021-07-15,Donnerstag,,1
2021-07-16,Freitag,,1
2021-07-17,Samstag,,0
2021-07-18,Sonntag,,0
2021-07-19,Montag,,1
2021-07-20,Dienstag,,1
2021-07-21,Mittwoch,,1
2021-07-22,Donnerstag,,1
2021-07-23,Freitag,,1
2021-07-24,Samstag,,0
2021-07-25,Sonntag,,0
2021-07-26,Montag,,1
2021-07-27,Dienstag,,1
2021-07-28,Mittwoch,,1
2021-07-29,Donnerstag,,1
2021-07-30,Freitag,,1
2021-07-31,Samstag,,0
2021-08-01,Sonntag,,0
2021-08-02,Montag,,1
2021-08-03,Dienstag,,1
2021-08-04,Mittwoch,,1
2021-08-05,Donnerstag,,1
2021-08-06,Freitag,,1
2021-08-07,Samstag,,0
2021-08-08,Sonntag,,0
2021-08-09,Montag,,1
2021-08-10,Dienstag,,1
2021-08-11,Mittwoch,,1
2021-08-12,Donnerstag,,1
2021-08-13,Freitag,,1
2021-08-14,Samstag,,0
2021-08-15,Sonntag,,0
2021-08-16,Montag,,1
2021-08-17,Dienstag,,1
2021-08-18,Mittwoch,,1
2021-08-19,Donnerstag,,1
2021-08-20,Freitag,,1
2021-08-21,Samstag,,0
2021-08-22,Sonntag,,0
2021-08-23,Montag,,1
2021-08-24,Dienstag,,1
2021-08-25,Mittwoch,,1
2021-08-26,Donnerstag,,1
2021-08-27,Freitag,,1
2021-08-28,Samstag,,0
2021-08-29,Sonntag,,0
2021-08-30,Montag,,1
2021-08-31,Dienstag,,1